city_name,country_name,country_code,state_name,city_full_name,state_id,city_id
Shanghai,China,CN,Shanghai,"Shanghai, Shanghai",,
Guangzhou,China,CN,Guangdong,"Guangzhou, Guangdong",,
Beijing,China,CN,Beijing,"Beijing, Beijing",,
Shenzhen,China,CN,Guangdong,"Shenzhen, Guangdong",,
Chengdu,China,CN,Sichuan,"Chengdu, Sichuan",,
Baoding,China,CN,Hebei,"Baoding, Hebei",,
Tianjin,China,CN,Tianjin,"Tianjin, Tianjin",,
Linyi,China,CN,Shandong,"Linyi, Shandong",,
Shijiazhuang,China,CN,Hebei,"Shijiazhuang, Hebei",,
Zhengzhou,China,CN,Henan,"Zhengzhou, Henan",,
Nanyang,China,CN,Henan,"Nanyang, Henan",,
Wuhan,China,CN,Hubei,"Wuhan, Hubei",,
Handan,China,CN,Hebei,"Handan, Hebei",,
Weifang,China,CN,Shandong,"Weifang, Shandong",,
Zhoukou,China,CN,Henan,"Zhoukou, Henan",,
Ganzhou,China,CN,Jiangxi,"Ganzhou, Jiangxi",,
Tongshan,China,CN,Jiangsu,"Tongshan, Jiangsu",,
Heze,China,CN,Shandong,"Heze, Shandong",,
Chongqing,China,CN,Chongqing,"Chongqing, Chongqing",,
Fuyang,China,CN,Anhui,"Fuyang, Anhui",,
Changsha,China,CN,Hunan,"Changsha, Hunan",,
Dongguan,China,CN,Guangdong,"Dongguan, Guangdong",,
Jining,China,CN,Shandong,"Jining, Shandong",,
Jinan,China,CN,Shandong,"Jinan, Shandong",,
Foshan,China,CN,Guangdong,"Foshan, Guangdong",,
Nanjing,China,CN,Jiangsu,"Nanjing, Jiangsu",,
Changchun,China,CN,Jilin,"Changchun, Jilin",,
Tangshan,China,CN,Hebei,"Tangshan, Hebei",,
Cangzhou,China,CN,Hebei,"Cangzhou, Hebei",,
Hefei,China,CN,Anhui,"Hefei, Anhui",,
Shaoyang,China,CN,Hunan,"Shaoyang, Hunan",,
Zhanjiang,China,CN,Guangdong,"Zhanjiang, Guangdong",,
Shangqiu,China,CN,Henan,"Shangqiu, Henan",,
Nantong,China,CN,Jiangsu,"Nantong, Jiangsu",,
Yancheng,China,CN,Jiangsu,"Yancheng, Jiangsu",,
Nanning,China,CN,Guangxi,"Nanning, Guangxi",,
Hengyang,China,CN,Hunan,"Hengyang, Hunan",,
Zhumadian,China,CN,Henan,"Zhumadian, Henan",,
Shenyang,China,CN,Liaoning,"Shenyang, Liaoning",,
Xingtai,China,CN,Hebei,"Xingtai, Hebei",,
Xi’an,China,CN,Shaanxi,"Xi’an, Shaanxi",,
Yantai,China,CN,Shandong,"Yantai, Shandong",,
Luoyang,China,CN,Henan,"Luoyang, Henan",,
Kunming,China,CN,Yunnan,"Kunming, Yunnan",,
Shangrao,China,CN,Jiangxi,"Shangrao, Jiangxi",,
Hangzhou,China,CN,Zhejiang,"Hangzhou, Zhejiang",,
Bijie,China,CN,Guizhou,"Bijie, Guizhou",,
Quanzhou,China,CN,Fujian,"Quanzhou, Fujian",,
Wuxi,China,CN,Jiangsu,"Wuxi, Jiangsu",,
Huanggang,China,CN,Hubei,"Huanggang, Hubei",,
Maoming,China,CN,Guangdong,"Maoming, Guangdong",,
Nanchong,China,CN,Sichuan,"Nanchong, Sichuan",,
Zunyi,China,CN,Guizhou,"Zunyi, Guizhou",,
Qujing,China,CN,Yunnan,"Qujing, Yunnan",,
Xinyang,China,CN,Henan,"Xinyang, Henan",,
Jieyang,China,CN,Guangdong,"Jieyang, Guangdong",,
Yulin,China,CN,Guangxi,"Yulin, Guangxi",,
Changde,China,CN,Hunan,"Changde, Hunan",,
Liaocheng,China,CN,Shandong,"Liaocheng, Shandong",,
Qingdao,China,CN,Shandong,"Qingdao, Shandong",,
Nangandao,China,CN,Henan,"Nangandao, Henan",,
Xiangyang,China,CN,Hubei,"Xiangyang, Hubei",,
Lu’an,China,CN,Anhui,"Lu’an, Anhui",,
Zhaotong,China,CN,Yunnan,"Zhaotong, Yunnan",,
Yichun,China,CN,Jiangxi,"Yichun, Jiangxi",,
Dezhou,China,CN,Shandong,"Dezhou, Shandong",,
Nanchang,China,CN,Jiangxi,"Nanchang, Jiangxi",,
Tai’an,China,CN,Shandong,"Tai’an, Shandong",,
Dazhou,China,CN,Sichuan,"Dazhou, Sichuan",,
Yongzhou,China,CN,Hunan,"Yongzhou, Hunan",,
Suihua,China,CN,Heilongjiang,"Suihua, Heilongjiang",,
Qiqihar,China,CN,Heilongjiang,"Qiqihar, Heilongjiang",,
Suzhou,China,CN,Anhui,"Suzhou, Anhui",,
Shantou,China,CN,Guangdong,"Shantou, Guangdong",,
Weinan,China,CN,Shaanxi,"Weinan, Shaanxi",,
Changzhou,China,CN,Jiangsu,"Changzhou, Jiangsu",,
Fuzhou,China,CN,Fujian,"Fuzhou, Fujian",,
Pudong,China,CN,Shanghai,"Pudong, Shanghai",,
Zhangzhou,China,CN,Fujian,"Zhangzhou, Fujian",,
Yuncheng,China,CN,Shanxi,"Yuncheng, Shanxi",,
Suzhou,China,CN,Jiangsu,"Suzhou, Jiangsu",,
Xianyang,China,CN,Shaanxi,"Xianyang, Shaanxi",,
Guilin,China,CN,Guangxi,"Guilin, Guangxi",,
Taizhou,China,CN,Jiangsu,"Taizhou, Jiangsu",,
Huaihua,China,CN,Hunan,"Huaihua, Hunan",,
Ji’an,China,CN,Jiangxi,"Ji’an, Jiangxi",,
Xiaoganzhan,China,CN,Hubei,"Xiaoganzhan, Hubei",,
Pingdingshan,China,CN,Henan,"Pingdingshan, Henan",,
Jiujiang,China,CN,Jiangxi,"Jiujiang, Jiangxi",,
Guiyang,China,CN,Guizhou,"Guiyang, Guizhou",,
Bozhou,China,CN,Anhui,"Bozhou, Anhui",,
Huizhou,China,CN,Guangdong,"Huizhou, Guangdong",,
Huai’an,China,CN,Jiangsu,"Huai’an, Jiangsu",,
Chenzhou,China,CN,Hunan,"Chenzhou, Hunan",,
Anqing,China,CN,Anhui,"Anqing, Anhui",,
Suqian,China,CN,Jiangsu,"Suqian, Jiangsu",,
Jiangmen,China,CN,Guangdong,"Jiangmen, Guangdong",,
Mianyang,China,CN,Sichuan,"Mianyang, Sichuan",,
Harbin,China,CN,Heilongjiang,"Harbin, Heilongjiang",,
Huanglongsi,China,CN,Henan,"Huanglongsi, Henan",,
Zibo,China,CN,Shandong,"Zibo, Shandong",,
Dalian,China,CN,Liaoning,"Dalian, Liaoning",,
Hengshui,China,CN,Hebei,"Hengshui, Hebei",,
Yibin,China,CN,Sichuan,"Yibin, Sichuan",,
Yangzhou,China,CN,Jiangsu,"Yangzhou, Jiangsu",,
Yiyang,China,CN,Hunan,"Yiyang, Hunan",,
Guigang,China,CN,Guangxi,"Guigang, Guangxi",,
Xinpu,China,CN,Jiangsu,"Xinpu, Jiangsu",,
Meizhou,China,CN,Guangdong,"Meizhou, Guangdong",,
Langfang,China,CN,Hebei,"Langfang, Hebei",,
Zhangjiakou,China,CN,Hebei,"Zhangjiakou, Hebei",,
Chifeng,China,CN,Inner Mongolia,"Chifeng, Inner Mongolia",,
Linfen,China,CN,Shanxi,"Linfen, Shanxi",,
Jiangguanchi,China,CN,Henan,"Jiangguanchi, Henan",,
Luzhou,China,CN,Sichuan,"Luzhou, Sichuan",,
Taiyuan,China,CN,Shanxi,"Taiyuan, Shanxi",,
Zhaoqing,China,CN,Guangdong,"Zhaoqing, Guangdong",,
Xiaoxita,China,CN,Hubei,"Xiaoxita, Hubei",,
Xiamen,China,CN,Fujian,"Xiamen, Fujian",,
Fuzhou,China,CN,Jiangxi,"Fuzhou, Jiangxi",,
Liuzhou,China,CN,Guangxi,"Liuzhou, Guangxi",,
Zhuzhou,China,CN,Hunan,"Zhuzhou, Hunan",,
Chuzhou,China,CN,Anhui,"Chuzhou, Anhui",,
Loudi,China,CN,Hunan,"Loudi, Hunan",,
Deyang,China,CN,Sichuan,"Deyang, Sichuan",,
Qingyuan,China,CN,Guangdong,"Qingyuan, Guangdong",,
Wuhu,China,CN,Anhui,"Wuhu, Anhui",,
Binzhou,China,CN,Shandong,"Binzhou, Shandong",,
Baojishi,China,CN,Shaanxi,"Baojishi, Shaanxi",,
Zaozhuang,China,CN,Shandong,"Zaozhuang, Shandong",,
Neijiang,China,CN,Sichuan,"Neijiang, Sichuan",,
Baicheng,China,CN,Guangxi,"Baicheng, Guangxi",,
Anshan,China,CN,Liaoning,"Anshan, Liaoning",,
Lanzhou,China,CN,Gansu,"Lanzhou, Gansu",,
Puyang,China,CN,Henan,"Puyang, Henan",,
Jiaozuo,China,CN,Henan,"Jiaozuo, Henan",,
Hechi,China,CN,Guangxi,"Hechi, Guangxi",,
Chengde,China,CN,Hebei,"Chengde, Hebei",,
Hanzhong,China,CN,Shaanxi,"Hanzhong, Shaanxi",,
Shiyan,China,CN,Hubei,"Shiyan, Hubei",,
Siping,China,CN,Jilin,"Siping, Jilin",,
Yulinshi,China,CN,Shaanxi,"Yulinshi, Shaanxi",,
Changzhi,China,CN,Shanxi,"Changzhi, Shanxi",,
Qinzhou,China,CN,Guangxi,"Qinzhou, Guangxi",,
Bazhou,China,CN,Sichuan,"Bazhou, Sichuan",,
Qincheng,China,CN,Gansu,"Qincheng, Gansu",,
Zhongshan,China,CN,Guangdong,"Zhongshan, Guangdong",,
Suining,China,CN,Sichuan,"Suining, Sichuan",,
Leshan,China,CN,Sichuan,"Leshan, Sichuan",,
Guang’an,China,CN,Sichuan,"Guang’an, Sichuan",,
Tongren,China,CN,Guizhou,"Tongren, Guizhou",,
Bengbu,China,CN,Anhui,"Bengbu, Anhui",,
Qinhuangdao,China,CN,Hebei,"Qinhuangdao, Hebei",,
Tongliao,China,CN,Inner Mongolia,"Tongliao, Inner Mongolia",,
Jinzhou,China,CN,Liaoning,"Jinzhou, Liaoning",,
Zhenjiang,China,CN,Jiangsu,"Zhenjiang, Jiangsu",,
Ürümqi,China,CN,Xinjiang,"Ürümqi, Xinjiang",,
Heyuan,China,CN,Guangdong,"Heyuan, Guangdong",,
Xinzhou,China,CN,Shanxi,"Xinzhou, Shanxi",,
Wuzhou,China,CN,Guangxi,"Wuzhou, Guangxi",,
Chaoyang,China,CN,Liaoning,"Chaoyang, Liaoning",,
Shaoguan,China,CN,Guangdong,"Shaoguan, Guangdong",,
Shanwei,China,CN,Guangdong,"Shanwei, Guangdong",,
Meishan,China,CN,Sichuan,"Meishan, Sichuan",,
Ningde,China,CN,Fujian,"Ningde, Fujian",,
Daqing,China,CN,Heilongjiang,"Daqing, Heilongjiang",,
Putian,China,CN,Fujian,"Putian, Fujian",,
Hohhot,China,CN,Inner Mongolia,"Hohhot, Inner Mongolia",,
Xiangtan,China,CN,Hunan,"Xiangtan, Hunan",,
Weihai,China,CN,Shandong,"Weihai, Shandong",,
Rizhao,China,CN,Shandong,"Rizhao, Shandong",,
Mudanjiang,China,CN,Heilongjiang,"Mudanjiang, Heilongjiang",,
Tieling,China,CN,Liaoning,"Tieling, Liaoning",,
Dingxi,China,CN,Gansu,"Dingxi, Gansu",,
Nanping,China,CN,Fujian,"Nanping, Fujian",,
Zigong,China,CN,Sichuan,"Zigong, Sichuan",,
Chaozhou,China,CN,Guangdong,"Chaozhou, Guangdong",,
Baotou,China,CN,Inner Mongolia,"Baotou, Inner Mongolia",,
Gulou,China,CN,Fujian,"Gulou, Fujian",,
Longyan,China,CN,Fujian,"Longyan, Fujian",,
Ankang,China,CN,Shaanxi,"Ankang, Shaanxi",,
Baoshan,China,CN,Yunnan,"Baoshan, Yunnan",,
Huludao,China,CN,Liaoning,"Huludao, Liaoning",,
Yanjiang,China,CN,Sichuan,"Yanjiang, Sichuan",,
Sanming,China,CN,Fujian,"Sanming, Fujian",,
Longba,China,CN,Gansu,"Longba, Gansu",,
Yangjiang,China,CN,Guangdong,"Yangjiang, Guangdong",,
Jiamusi,China,CN,Heilongjiang,"Jiamusi, Heilongjiang",,
Luohe,China,CN,Henan,"Luohe, Henan",,
Lincang,China,CN,Yunnan,"Lincang, Yunnan",,
Xuanzhou,China,CN,Anhui,"Xuanzhou, Anhui",,
Yunfu,China,CN,Guangdong,"Yunfu, Guangdong",,
Guangyuan,China,CN,Sichuan,"Guangyuan, Sichuan",,
Huangshi,China,CN,Hubei,"Huangshi, Hubei",,
Jilin,China,CN,Jilin,"Jilin, Jilin",,
Dandong,China,CN,Liaoning,"Dandong, Liaoning",,
Lianshan,China,CN,Liaoning,"Lianshan, Liaoning",,
Yingkou,China,CN,Liaoning,"Yingkou, Liaoning",,
Yuxi,China,CN,Yunnan,"Yuxi, Yunnan",,
Anshun,China,CN,Guizhou,"Anshun, Guizhou",,
Shangzhou,China,CN,Shaanxi,"Shangzhou, Shaanxi",,
Huainan,China,CN,Anhui,"Huainan, Anhui",,
Kuaidamao,China,CN,Jilin,"Kuaidamao, Jilin",,
Jincheng,China,CN,Shanxi,"Jincheng, Shanxi",,
Sanmenxia,China,CN,Henan,"Sanmenxia, Henan",,
Laibin,China,CN,Guangxi,"Laibin, Guangxi",,
Qinbaling,China,CN,Gansu,"Qinbaling, Gansu",,
Xining,China,CN,Qinghai,"Xining, Qinghai",,
Ma’anshan,China,CN,Anhui,"Ma’anshan, Anhui",,
Yan’an,China,CN,Shaanxi,"Yan’an, Shaanxi",,
Gaoping,China,CN,Sichuan,"Gaoping, Sichuan",,
Ningbo,China,CN,Zhejiang,"Ningbo, Zhejiang",,
Puning,China,CN,Guangdong,"Puning, Guangdong",,
Huaibei,China,CN,Anhui,"Huaibei, Anhui",,
Qingyang,China,CN,Fujian,"Qingyang, Fujian",,
Chongzuo,China,CN,Guangxi,"Chongzuo, Guangxi",,
Hezhou,China,CN,Guangxi,"Hezhou, Guangxi",,
Pingliang,China,CN,Gansu,"Pingliang, Gansu",,
Shengli,China,CN,Shandong,"Shengli, Shandong",,
Baicheng,China,CN,Jilin,"Baicheng, Jilin",,
Fushun,China,CN,Liaoning,"Fushun, Liaoning",,
Yinchuan,China,CN,Ningxia,"Yinchuan, Ningxia",,
Pingxiang,China,CN,Jiangxi,"Pingxiang, Jiangxi",,
Zhuhai,China,CN,Guangdong,"Zhuhai, Guangdong",,
Xiping,China,CN,Shanxi,"Xiping, Shanxi",,
Jixi,China,CN,Heilongjiang,"Jixi, Heilongjiang",,
Liaoyang,China,CN,Liaoning,"Liaoyang, Liaoning",,
Fuxin,China,CN,Liaoning,"Fuxin, Liaoning",,
Wuwei,China,CN,Gansu,"Wuwei, Gansu",,
Haikou,China,CN,Hainan,"Haikou, Hainan",,
Shuyangzha,China,CN,Jiangsu,"Shuyangzha, Jiangsu",,
Shuozhou,China,CN,Shanxi,"Shuozhou, Shanxi",,
Benxi,China,CN,Liaoning,"Benxi, Liaoning",,
Baiyin,China,CN,Gansu,"Baiyin, Gansu",,
Sanzhou,China,CN,Chongqing,"Sanzhou, Chongqing",,
Beihai,China,CN,Guangxi,"Beihai, Guangxi",,
Heihe,China,CN,Heilongjiang,"Heihe, Heilongjiang",,
Jingdezhen,China,CN,Jiangxi,"Jingdezhen, Jiangxi",,
Yushan,China,CN,Jiangsu,"Yushan, Jiangsu",,
Chengtangcun,China,CN,Shandong,"Chengtangcun, Shandong",,
Wenzhou,China,CN,Zhejiang,"Wenzhou, Zhejiang",,
Hebi,China,CN,Henan,"Hebi, Henan",,
Zhangjiajie,China,CN,Hunan,"Zhangjiajie, Hunan",,
Changshu,China,CN,Jiangsu,"Changshu, Jiangsu",,
Lianjiang,China,CN,Guangdong,"Lianjiang, Guangdong",,
Ximeicun,China,CN,Fujian,"Ximeicun, Fujian",,
Jianguang,China,CN,Jiangxi,"Jianguang, Jiangxi",,
Yucheng,China,CN,Sichuan,"Yucheng, Sichuan",,
Guiping,China,CN,Guangxi,"Guiping, Guangxi",,
Leizhou,China,CN,Guangdong,"Leizhou, Guangdong",,
Huazhou,China,CN,Henan,"Huazhou, Henan",,
Shuangyashan,China,CN,Heilongjiang,"Shuangyashan, Heilongjiang",,
Pizhou,China,CN,Jiangsu,"Pizhou, Jiangsu",,
Yangshe,China,CN,Jiangsu,"Yangshe, Jiangsu",,
Guyuan,China,CN,Ningxia,"Guyuan, Ningxia",,
Gaozhou,China,CN,Guangdong,"Gaozhou, Guangdong",,
Chizhou,China,CN,Anhui,"Chizhou, Anhui",,
Fuqing,China,CN,Fujian,"Fuqing, Fujian",,
Pingdu,China,CN,Shandong,"Pingdu, Shandong",,
Yutan,China,CN,Hunan,"Yutan, Hunan",,
Huangshan,China,CN,Anhui,"Huangshan, Anhui",,
Liangshi,China,CN,Hunan,"Liangshi, Hunan",,
Xintai,China,CN,Shandong,"Xintai, Shandong",,
Wusong,China,CN,Anhui,"Wusong, Anhui",,
Yushu,China,CN,Jilin,"Yushu, Jilin",,
Rongcheng,China,CN,Yunnan,"Rongcheng, Yunnan",,
Huazhou,China,CN,Guangdong,"Huazhou, Guangdong",,
Yangquan,China,CN,Shanxi,"Yangquan, Shanxi",,
Baishan,China,CN,Jilin,"Baishan, Jilin",,
Dayan,China,CN,Yunnan,"Dayan, Yunnan",,
Haicheng,China,CN,Liaoning,"Haicheng, Liaoning",,
Jiangyin,China,CN,Jiangsu,"Jiangyin, Jiangsu",,
Huaiyin,China,CN,Jiangsu,"Huaiyin, Jiangsu",,
Wuzhong,China,CN,Ningxia,"Wuzhong, Ningxia",,
Rucheng,China,CN,Jiangsu,"Rucheng, Jiangsu",,
Shaoyang,China,CN,Jiangsu,"Shaoyang, Jiangsu",,
Laiwu,China,CN,Shandong,"Laiwu, Shandong",,
Jingling,China,CN,Hubei,"Jingling, Hubei",,
Yongcheng,China,CN,Henan,"Yongcheng, Henan",,
Beidao,China,CN,Gansu,"Beidao, Gansu",,
Xiangshui,China,CN,Guizhou,"Xiangshui, Guizhou",,
Dadukou,China,CN,Sichuan,"Dadukou, Sichuan",,
Zhangye,China,CN,Gansu,"Zhangye, Gansu",,
Xinyu,China,CN,Jiangxi,"Xinyu, Jiangxi",,
Liaoyuan,China,CN,Jilin,"Liaoyuan, Jilin",,
Yingtan,China,CN,Jiangxi,"Yingtan, Jiangxi",,
Guankou,China,CN,Hunan,"Guankou, Hunan",,
Dingzhou,China,CN,Hebei,"Dingzhou, Hebei",,
Lianyuan,China,CN,Hunan,"Lianyuan, Hunan",,
Rongcheng,China,CN,Hubei,"Rongcheng, Hubei",,
Kaiyuan,China,CN,Henan,"Kaiyuan, Henan",,
Leiyang,China,CN,Hunan,"Leiyang, Hunan",,
Yichun,China,CN,Heilongjiang,"Yichun, Heilongjiang",,
Xiantao,China,CN,Hubei,"Xiantao, Hubei",,
Yingchuan,China,CN,Henan,"Yingchuan, Henan",,
Xibeijie,China,CN,Gansu,"Xibeijie, Gansu",,
Hanchuan,China,CN,Hubei,"Hanchuan, Hubei",,
Gongzhuling,China,CN,Jilin,"Gongzhuling, Jilin",,
Yicheng,China,CN,Jiangsu,"Yicheng, Jiangsu",,
Zhufeng,China,CN,Shandong,"Zhufeng, Shandong",,
Taixing,China,CN,Jiangsu,"Taixing, Jiangsu",,
Mizhou,China,CN,Shandong,"Mizhou, Shandong",,
Xishan,China,CN,Hunan,"Xishan, Hunan",,
Ezhou,China,CN,Hubei,"Ezhou, Hubei",,
Hegang,China,CN,Heilongjiang,"Hegang, Heilongjiang",,
Zhongwei,China,CN,Ningxia,"Zhongwei, Ningxia",,
Shouguang,China,CN,Shandong,"Shouguang, Shandong",,
Taizhou,China,CN,Zhejiang,"Taizhou, Zhejiang",,
Wafangdian,China,CN,Liaoning,"Wafangdian, Liaoning",,
Zhongxiang,China,CN,Hubei,"Zhongxiang, Hubei",,
Xinyi,China,CN,Guangdong,"Xinyi, Guangdong",,
Zaoyang,China,CN,Hubei,"Zaoyang, Hubei",,
Shuizhai,China,CN,Henan,"Shuizhai, Henan",,
Xingyi,China,CN,Guizhou,"Xingyi, Guizhou",,
Xingcheng,China,CN,Guangdong,"Xingcheng, Guangdong",,
Dongtai,China,CN,Jiangsu,"Dongtai, Jiangsu",,
Yingcheng,China,CN,Guangdong,"Yingcheng, Guangdong",,
Luocheng,China,CN,Guangdong,"Luocheng, Guangdong",,
Danyang,China,CN,Jiangsu,"Danyang, Jiangsu",,
Nada,China,CN,Hainan,"Nada, Hainan",,
Wuchuan,China,CN,Guangdong,"Wuchuan, Guangdong",,
Huilong,China,CN,Jiangsu,"Huilong, Jiangsu",,
Shaoxing,China,CN,Zhejiang,"Shaoxing, Zhejiang",,
Taishan,China,CN,Guangdong,"Taishan, Guangdong",,
Fangchenggang,China,CN,Guangxi,"Fangchenggang, Guangxi",,
Anqiu,China,CN,Shandong,"Anqiu, Shandong",,
Feicheng,China,CN,Shandong,"Feicheng, Shandong",,
Meishan,China,CN,Henan,"Meishan, Henan",,
Taihe,China,CN,Sichuan,"Taihe, Sichuan",,
Xin’an,China,CN,Jiangsu,"Xin’an, Jiangsu",,
Taihecun,China,CN,Heilongjiang,"Taihecun, Heilongjiang",,
Qingzhou,China,CN,Shandong,"Qingzhou, Shandong",,
Lichuan,China,CN,Hubei,"Lichuan, Hubei",,
Daye,China,CN,Hubei,"Daye, Hubei",,
Hengzhou,China,CN,Guangxi,"Hengzhou, Guangxi",,
Zhuanghe,China,CN,Liaoning,"Zhuanghe, Liaoning",,
Lhasa,China,CN,Tibet,"Lhasa, Tibet",,
Jiaozhou,China,CN,Shandong,"Jiaozhou, Shandong",,
Yangchun,China,CN,Guangdong,"Yangchun, Guangdong",,
Dengtalu,China,CN,Henan,"Dengtalu, Henan",,
Laiyang,China,CN,Shandong,"Laiyang, Shandong",,
Kaifeng Chengguanzhen,China,CN,Henan,"Kaifeng Chengguanzhen, Henan",,
Gaomi,China,CN,Shandong,"Gaomi, Shandong",,
Hai’an,China,CN,Jiangsu,"Hai’an, Jiangsu",,
Weichanglu,China,CN,Shandong,"Weichanglu, Shandong",,
Shache,China,CN,Xinjiang,"Shache, Xinjiang",,
Leping,China,CN,Jiangxi,"Leping, Jiangxi",,
Hailun,China,CN,Heilongjiang,"Hailun, Heilongjiang",,
Macheng,China,CN,Hubei,"Macheng, Hubei",,
Yuci,China,CN,Shanxi,"Yuci, Shanxi",,
Dehui,China,CN,Jilin,"Dehui, Jilin",,
Tongchuan,China,CN,Shaanxi,"Tongchuan, Shaanxi",,
Rongjiawan,China,CN,Hunan,"Rongjiawan, Hunan",,
Renqiu,China,CN,Hebei,"Renqiu, Hebei",,
Xindi,China,CN,Hubei,"Xindi, Hubei",,
Wu’an,China,CN,Hebei,"Wu’an, Hebei",,
Gaoyou,China,CN,Jiangsu,"Gaoyou, Jiangsu",,
Hejian,China,CN,Hebei,"Hejian, Hebei",,
Yiyang,China,CN,Hunan,"Yiyang, Hunan",,
Puxi,China,CN,Henan,"Puxi, Henan",,
Zijinglu,China,CN,Henan,"Zijinglu, Henan",,
Qingping,China,CN,Henan,"Qingping, Henan",,
Xiangxiang,China,CN,Hunan,"Xiangxiang, Hunan",,
Chaohucun,China,CN,Anhui,"Chaohucun, Anhui",,
Fuyang,China,CN,Zhejiang,"Fuyang, Zhejiang",,
Cencheng,China,CN,Guangxi,"Cencheng, Guangxi",,
Dali,China,CN,Yunnan,"Dali, Yunnan",,
Songzi,China,CN,Hubei,"Songzi, Hubei",,
Laixi,China,CN,Shandong,"Laixi, Shandong",,
Zhongba,China,CN,Sichuan,"Zhongba, Sichuan",,
Qingnian,China,CN,Shandong,"Qingnian, Shandong",,
Xinhualu,China,CN,Henan,"Xinhualu, Henan",,
Guangshui,China,CN,Hubei,"Guangshui, Hubei",,
Sizhan,China,CN,Ningxia,"Sizhan, Ningxia",,
Licheng,China,CN,Jiangsu,"Licheng, Jiangsu",,
Chengguan,China,CN,Henan,"Chengguan, Henan",,
Nehe,China,CN,Heilongjiang,"Nehe, Heilongjiang",,
Zunhua,China,CN,Hebei,"Zunhua, Hebei",,
Wugang,China,CN,Hunan,"Wugang, Hunan",,
Shuangqiao,China,CN,Henan,"Shuangqiao, Henan",,
Langzhong,China,CN,Sichuan,"Langzhong, Sichuan",,
Qian’an,China,CN,Hebei,"Qian’an, Hebei",,
Zouping,China,CN,Shandong,"Zouping, Shandong",,
Anlu,China,CN,Hubei,"Anlu, Hubei",,
Changsha,China,CN,Guangdong,"Changsha, Guangdong",,
Shihezi,China,CN,Xinjiang,"Shihezi, Xinjiang",,
Yatou,China,CN,Shandong,"Yatou, Shandong",,
Xichang,China,CN,Sichuan,"Xichang, Sichuan",,
Chengxiang,China,CN,Jiangsu,"Chengxiang, Jiangsu",,
Dashiqiao,China,CN,Liaoning,"Dashiqiao, Liaoning",,
Shishi,China,CN,Fujian,"Shishi, Fujian",,
Qianxi,China,CN,Guizhou,"Qianxi, Guizhou",,
Miluo Chengguanzhen,China,CN,Hunan,"Miluo Chengguanzhen, Hunan",,
Gaizhou,China,CN,Liaoning,"Gaizhou, Liaoning",,
Leling,China,CN,Shandong,"Leling, Shandong",,
Jianshe,China,CN,Henan,"Jianshe, Henan",,
Jingcheng,China,CN,Jiangsu,"Jingcheng, Jiangsu",,
Xinmin,China,CN,Liaoning,"Xinmin, Liaoning",,
Zhongshu,China,CN,Guizhou,"Zhongshu, Guizhou",,
Xigazê,China,CN,Tibet,"Xigazê, Tibet",,
Guankou,China,CN,Sichuan,"Guankou, Sichuan",,
Songyang,China,CN,Henan,"Songyang, Henan",,
Puyang Chengguanzhen,China,CN,Henan,"Puyang Chengguanzhen, Henan",,
Qionghu,China,CN,Hunan,"Qionghu, Hunan",,
Zhaodong,China,CN,Heilongjiang,"Zhaodong, Heilongjiang",,
Wenchang,China,CN,Anhui,"Wenchang, Anhui",,
Shulan,China,CN,Jilin,"Shulan, Jilin",,
Lingbao Chengguanzhen,China,CN,Henan,"Lingbao Chengguanzhen, Henan",,
Xiping,China,CN,Yunnan,"Xiping, Yunnan",,
Sanhe,China,CN,Hebei,"Sanhe, Hebei",,
Guixi,China,CN,Jiangxi,"Guixi, Jiangxi",,
Tengyue,China,CN,Yunnan,"Tengyue, Yunnan",,
Wuxue,China,CN,Hubei,"Wuxue, Hubei",,
Qufu,China,CN,Shandong,"Qufu, Shandong",,
Gaobeidian,China,CN,Hebei,"Gaobeidian, Hebei",,
Ruiming,China,CN,Jiangxi,"Ruiming, Jiangxi",,
Xinshi,China,CN,Hubei,"Xinshi, Hubei",,
Jin’e,China,CN,Sichuan,"Jin’e, Sichuan",,
Changping,China,CN,Beijing,"Changping, Beijing",,
Xinxing,China,CN,Liaoning,"Xinxing, Liaoning",,
Suohe,China,CN,Henan,"Suohe, Henan",,
Zhuangyuan,China,CN,Shandong,"Zhuangyuan, Shandong",,
Bazhou,China,CN,Hebei,"Bazhou, Hebei",,
Turpan,China,CN,Xinjiang,"Turpan, Xinjiang",,
Meihekou,China,CN,Jilin,"Meihekou, Jilin",,
Jurong,China,CN,Jiangsu,"Jurong, Jiangsu",,
Xinji,China,CN,Hebei,"Xinji, Hebei",,
Sanya,China,CN,Hainan,"Sanya, Hainan",,
Zhangshu,China,CN,Jiangxi,"Zhangshu, Jiangxi",,
Zhuozhou,China,CN,Hebei,"Zhuozhou, Hebei",,
Tianchang,China,CN,Anhui,"Tianchang, Anhui",,
Qamdo,China,CN,Tibet,"Qamdo, Tibet",,
Sihui,China,CN,Guangdong,"Sihui, Guangdong",,
Luocheng,China,CN,Sichuan,"Luocheng, Sichuan",,
Chuxiong,China,CN,Yunnan,"Chuxiong, Yunnan",,
Jinhua,China,CN,Zhejiang,"Jinhua, Zhejiang",,
Shangzhi,China,CN,Heilongjiang,"Shangzhi, Heilongjiang",,
Botou,China,CN,Hebei,"Botou, Hebei",,
Wancheng,China,CN,Hainan,"Wancheng, Hainan",,
Xiulin,China,CN,Hubei,"Xiulin, Hubei",,
Fu’an,China,CN,Fujian,"Fu’an, Fujian",,
Kumul,China,CN,Xinjiang,"Kumul, Xinjiang",,
Luofeng,China,CN,Shandong,"Luofeng, Shandong",,
Lingyuan,China,CN,Liaoning,"Lingyuan, Liaoning",,
Huzhou,China,CN,Zhejiang,"Huzhou, Zhejiang",,
Wencheng,China,CN,Hainan,"Wencheng, Hainan",,
Shenzhou,China,CN,Hebei,"Shenzhou, Hebei",,
Kuiju,China,CN,Shandong,"Kuiju, Shandong",,
Zhenzhou,China,CN,Jiangsu,"Zhenzhou, Jiangsu",,
Jieshou,China,CN,Anhui,"Jieshou, Anhui",,
Dangyang,China,CN,Hubei,"Dangyang, Hubei",,
Luanzhou,China,CN,Hebei,"Luanzhou, Hebei",,
Korla,China,CN,Xinjiang,"Korla, Xinjiang",,
Huanghua,China,CN,Hebei,"Huanghua, Hebei",,
Xingcheng,China,CN,Liaoning,"Xingcheng, Liaoning",,
Kaiyuan,China,CN,Liaoning,"Kaiyuan, Liaoning",,
Fengcheng,China,CN,Liaoning,"Fengcheng, Liaoning",,
Ghulja,China,CN,Xinjiang,"Ghulja, Xinjiang",,
Xiangyang,China,CN,Shaanxi,"Xiangyang, Shaanxi",,
Fuding,China,CN,Fujian,"Fuding, Fujian",,
Chang’an,China,CN,Hunan,"Chang’an, Hunan",,
Aksu,China,CN,Xinjiang,"Aksu, Xinjiang",,
Wuhai,China,CN,Inner Mongolia,"Wuhai, Inner Mongolia",,
Mingguang,China,CN,Anhui,"Mingguang, Anhui",,
Ailan Mubage,China,CN,Xinjiang,"Ailan Mubage, Xinjiang",,
Yucheng,China,CN,Shandong,"Yucheng, Shandong",,
Longzhou,China,CN,Hubei,"Longzhou, Hubei",,
Anda,China,CN,Heilongjiang,"Anda, Heilongjiang",,
Jinghong,China,CN,Yunnan,"Jinghong, Yunnan",,
Heshan,China,CN,Guangdong,"Heshan, Guangdong",,
Zhoushan,China,CN,Zhejiang,"Zhoushan, Zhejiang",,
Jiaji,China,CN,Hainan,"Jiaji, Hainan",,
Beining,China,CN,Liaoning,"Beining, Liaoning",,
Yanji,China,CN,Jilin,"Yanji, Jilin",,
Yicheng,China,CN,Hubei,"Yicheng, Hubei",,
Encheng,China,CN,Guangdong,"Encheng, Guangdong",,
Kashgar,China,CN,Xinjiang,"Kashgar, Xinjiang",,
Yiwu,China,CN,Zhejiang,"Yiwu, Zhejiang",,
Jiaxing,China,CN,Zhejiang,"Jiaxing, Zhejiang",,
Meicheng,China,CN,Anhui,"Meicheng, Anhui",,
Taozhou,China,CN,Anhui,"Taozhou, Anhui",,
Hongjiang,China,CN,Hunan,"Hongjiang, Hunan",,
Dengtacun,China,CN,Liaoning,"Dengtacun, Liaoning",,
Zhijiang,China,CN,Hubei,"Zhijiang, Hubei",,
Chengjiao,China,CN,Henan,"Chengjiao, Henan",,
Beipiao,China,CN,Liaoning,"Beipiao, Liaoning",,
Suoluntun,China,CN,Jilin,"Suoluntun, Jilin",,
Duyun,China,CN,Guizhou,"Duyun, Guizhou",,
Yuanping,China,CN,Shanxi,"Yuanping, Shanxi",,
Shahe,China,CN,Hebei,"Shahe, Hebei",,
Gaoping,China,CN,Shanxi,"Gaoping, Shanxi",,
Dunhua,China,CN,Jilin,"Dunhua, Jilin",,
Kaihua,China,CN,Yunnan,"Kaihua, Yunnan",,
Fuyuan,China,CN,Heilongjiang,"Fuyuan, Heilongjiang",,
Jiannan,China,CN,Sichuan,"Jiannan, Sichuan",,
Nangong,China,CN,Hebei,"Nangong, Hebei",,
Jiaojiangcun,China,CN,Zhejiang,"Jiaojiangcun, Zhejiang",,
Laohekou,China,CN,Hubei,"Laohekou, Hubei",,
Beian,China,CN,Heilongjiang,"Beian, Heilongjiang",,
Fujin,China,CN,Heilongjiang,"Fujin, Heilongjiang",,
Xiaoyi,China,CN,Shanxi,"Xiaoyi, Shanxi",,
Qingzhen,China,CN,Guizhou,"Qingzhen, Guizhou",,
Kuqa,China,CN,Xinjiang,"Kuqa, Xinjiang",,
Xicheng,China,CN,Yunnan,"Xicheng, Yunnan",,
Jian’ou,China,CN,Fujian,"Jian’ou, Fujian",,
Huadian,China,CN,Jilin,"Huadian, Jilin",,
Minzhu,China,CN,Jilin,"Minzhu, Jilin",,
Tanbei,China,CN,Henan,"Tanbei, Henan",,
Yongji,China,CN,Shanxi,"Yongji, Shanxi",,
Danjiangkou,China,CN,Hubei,"Danjiangkou, Hubei",,
Ning’an,China,CN,Heilongjiang,"Ning’an, Heilongjiang",,
Zhangjiakou Shi Xuanhua Qu,China,CN,Hebei,"Zhangjiakou Shi Xuanhua Qu, Hebei",,
Jinchang,China,CN,Gansu,"Jinchang, Gansu",,
Guangming,China,CN,Jilin,"Guangming, Jilin",,
Yan’an Beilu,China,CN,Xinjiang,"Yan’an Beilu, Xinjiang",,
Mishan,China,CN,Heilongjiang,"Mishan, Heilongjiang",,
Hailin,China,CN,Heilongjiang,"Hailin, Heilongjiang",,
Lecheng,China,CN,Guangdong,"Lecheng, Guangdong",,
Zhengjiatun,China,CN,Jilin,"Zhengjiatun, Jilin",,
Pencheng,China,CN,Jiangxi,"Pencheng, Jiangxi",,
Dalai,China,CN,Jilin,"Dalai, Jilin",,
Xingren,China,CN,Guizhou,"Xingren, Guizhou",,
Wenlan,China,CN,Yunnan,"Wenlan, Yunnan",,
Fenyang,China,CN,Shanxi,"Fenyang, Shanxi",,
Nagqu,China,CN,Tibet,"Nagqu, Tibet",,
Fangting,China,CN,Sichuan,"Fangting, Sichuan",,
Linghai,China,CN,Liaoning,"Linghai, Liaoning",,
Taiping,China,CN,Sichuan,"Taiping, Sichuan",,
Jiexiu,China,CN,Shanxi,"Jiexiu, Shanxi",,
Jiangjiafan,China,CN,Hubei,"Jiangjiafan, Hubei",,
Xushan,China,CN,Zhejiang,"Xushan, Zhejiang",,
Yuyao,China,CN,Zhejiang,"Yuyao, Zhejiang",,
Hejin,China,CN,Shanxi,"Hejin, Shanxi",,
Hancheng,China,CN,Shaanxi,"Hancheng, Shaanxi",,
Karamay,China,CN,Xinjiang,"Karamay, Xinjiang",,
Tieli,China,CN,Heilongjiang,"Tieli, Heilongjiang",,
Yidu,China,CN,Hubei,"Yidu, Hubei",,
Lianzhou,China,CN,Guangdong,"Lianzhou, Guangdong",,
Helixi,China,CN,Anhui,"Helixi, Anhui",,
Lengshuijiang,China,CN,Hunan,"Lengshuijiang, Hunan",,
Anguo,China,CN,Hebei,"Anguo, Hebei",,
Panshi,China,CN,Jilin,"Panshi, Jilin",,
Huichang,China,CN,Henan,"Huichang, Henan",,
Yanjiao,China,CN,Hebei,"Yanjiao, Hebei",,
Shuanghejiedao,China,CN,Sichuan,"Shuanghejiedao, Sichuan",,
Wudalianchi,China,CN,Heilongjiang,"Wudalianchi, Heilongjiang",,
Yong’an,China,CN,Fujian,"Yong’an, Fujian",,
Hongzhai,China,CN,Gansu,"Hongzhai, Gansu",,
Licheng,China,CN,Guangxi,"Licheng, Guangxi",,
Yueqing,China,CN,Zhejiang,"Yueqing, Zhejiang",,
Yakeshi,China,CN,Inner Mongolia,"Yakeshi, Inner Mongolia",,
Yingmen,China,CN,Gansu,"Yingmen, Gansu",,
Lianran,China,CN,Yunnan,"Lianran, Yunnan",,
Tangdong,China,CN,Hunan,"Tangdong, Hunan",,
Hangu,China,CN,Tianjin,"Hangu, Tianjin",,
Yingzhong,China,CN,Jiangsu,"Yingzhong, Jiangsu",,
Bamiantong,China,CN,Heilongjiang,"Bamiantong, Heilongjiang",,
Ulanhot,China,CN,Inner Mongolia,"Ulanhot, Inner Mongolia",,
Yunzhong,China,CN,Shanxi,"Yunzhong, Shanxi",,
Binxian,China,CN,Shaanxi,"Binxian, Shaanxi",,
Hotan,China,CN,Xinjiang,"Hotan, Xinjiang",,
Dongyang,China,CN,Zhejiang,"Dongyang, Zhejiang",,
Kaiyuan,China,CN,Yunnan,"Kaiyuan, Yunnan",,
Zalantun,China,CN,Inner Mongolia,"Zalantun, Inner Mongolia",,
Yakou,China,CN,Henan,"Yakou, Henan",,
Datang,China,CN,Guangdong,"Datang, Guangdong",,
Qianzhou,China,CN,Hunan,"Qianzhou, Hunan",,
Quzhou,China,CN,Zhejiang,"Quzhou, Zhejiang",,
Linhai,China,CN,Zhejiang,"Linhai, Zhejiang",,
Hong’an,China,CN,Heilongjiang,"Hong’an, Heilongjiang",,
Hulin,China,CN,Heilongjiang,"Hulin, Heilongjiang",,
Fuquan,China,CN,Guizhou,"Fuquan, Guizhou",,
Tongchuanshi,China,CN,Shaanxi,"Tongchuanshi, Shaanxi",,
Huozhou,China,CN,Shanxi,"Huozhou, Shanxi",,
Jining,China,CN,Inner Mongolia,"Jining, Inner Mongolia",,
Zhuji,China,CN,Zhejiang,"Zhuji, Zhejiang",,
Shaowu,China,CN,Fujian,"Shaowu, Fujian",,
Linxia Chengguanzhen,China,CN,Gansu,"Linxia Chengguanzhen, Gansu",,
Bijiao,China,CN,Guangdong,"Bijiao, Guangdong",,
Wenling,China,CN,Zhejiang,"Wenling, Zhejiang",,
Wutong,China,CN,Zhejiang,"Wutong, Zhejiang",,
Huayin,China,CN,Shaanxi,"Huayin, Shaanxi",,
Jinshi,China,CN,Hunan,"Jinshi, Hunan",,
Manzhouli,China,CN,Inner Mongolia,"Manzhouli, Inner Mongolia",,
Beichengqu,China,CN,Inner Mongolia,"Beichengqu, Inner Mongolia",,
Diaobingshancun,China,CN,Liaoning,"Diaobingshancun, Liaoning",,
Zhangping,China,CN,Fujian,"Zhangping, Fujian",,
Shanhu,China,CN,Zhejiang,"Shanhu, Zhejiang",,
Atushi,China,CN,Xinjiang,"Atushi, Xinjiang",,
Shenmu,China,CN,Shaanxi,"Shenmu, Shaanxi",,
Lishui,China,CN,Zhejiang,"Lishui, Zhejiang",,
Wuyishan,China,CN,Fujian,"Wuyishan, Fujian",,
Chishui,China,CN,Guizhou,"Chishui, Guizhou",,
Bole,China,CN,Xinjiang,"Bole, Xinjiang",,
Jiayuguan,China,CN,Gansu,"Jiayuguan, Gansu",,
Hunchun,China,CN,Jilin,"Hunchun, Jilin",,
Longjin,China,CN,Guangdong,"Longjin, Guangdong",,
Ji’an Shi,China,CN,Jilin,"Ji’an Shi, Jilin",,
Gujiao,China,CN,Shanxi,"Gujiao, Shanxi",,
Golmud,China,CN,Qinghai,"Golmud, Qinghai",,
Rui’an,China,CN,Zhejiang,"Rui’an, Zhejiang",,
Taisheng,China,CN,Guangdong,"Taisheng, Guangdong",,
Dongning,China,CN,Heilongjiang,"Dongning, Heilongjiang",,
Pinghu,China,CN,Zhejiang,"Pinghu, Zhejiang",,
Huangyan,China,CN,Zhejiang,"Huangyan, Zhejiang",,
Jiutai,China,CN,Jilin,"Jiutai, Jilin",,
Puqi,China,CN,Hubei,"Puqi, Hubei",,
Lanxi,China,CN,Zhejiang,"Lanxi, Zhejiang",,
Zhugang,China,CN,Zhejiang,"Zhugang, Zhejiang",,
Helong,China,CN,Jilin,"Helong, Jilin",,
Donghua,China,CN,Gansu,"Donghua, Gansu",,
Xiashi,China,CN,Zhejiang,"Xiashi, Zhejiang",,
Dunhuang,China,CN,Gansu,"Dunhuang, Gansu",,
Luzhang,China,CN,Yunnan,"Luzhang, Yunnan",,
Longjing,China,CN,Jilin,"Longjing, Jilin",,
Tongjiang,China,CN,Heilongjiang,"Tongjiang, Heilongjiang",,
Guli,China,CN,Zhejiang,"Guli, Zhejiang",,
Lin’an,China,CN,Yunnan,"Lin’an, Yunnan",,
Tiantoujiao,China,CN,Guangdong,"Tiantoujiao, Guangdong",,
Linjiang,China,CN,Jilin,"Linjiang, Jilin",,
Fenglu,China,CN,Yunnan,"Fenglu, Yunnan",,
Basuo,China,CN,Hainan,"Basuo, Hainan",,
Kuytun,China,CN,Xinjiang,"Kuytun, Xinjiang",,
Zhanlicun,China,CN,Guangdong,"Zhanlicun, Guangdong",,
Fukang,China,CN,Xinjiang,"Fukang, Xinjiang",,
Simao,China,CN,Yunnan,"Simao, Yunnan",,
Jinggang,China,CN,Guangdong,"Jinggang, Guangdong",,
Tacheng,China,CN,Xinjiang,"Tacheng, Xinjiang",,
Zhengding,China,CN,Hebei,"Zhengding, Hebei",,
Nan Zhuang,China,CN,Guangdong,"Nan Zhuang, Guangdong",,
Chaoshan,China,CN,Guangdong,"Chaoshan, Guangdong",,
Xiaping,China,CN,Jiangxi,"Xiaping, Jiangxi",,
Dahuaishu,China,CN,Shanxi,"Dahuaishu, Shanxi",,
Fengyicun,China,CN,Guangdong,"Fengyicun, Guangdong",,
Dongsheng,China,CN,Guangdong,"Dongsheng, Guangdong",,
Yima,China,CN,Henan,"Yima, Henan",,
Xintang,China,CN,Guangdong,"Xintang, Guangdong",,
Dongxing,China,CN,Guangxi,"Dongxing, Guangxi",,
Altay,China,CN,Xinjiang,"Altay, Xinjiang",,
Jinjiang,China,CN,Hainan,"Jinjiang, Hainan",,
Nong’an,China,CN,Jilin,"Nong’an, Jilin",,
Shizhaobi,China,CN,Guangdong,"Shizhaobi, Guangdong",,
Shizuishan,China,CN,Ningxia,"Shizuishan, Ningxia",,
Yunxian Chengguanzhen,China,CN,Hubei,"Yunxian Chengguanzhen, Hubei",,
Shuangcheng,China,CN,Heilongjiang,"Shuangcheng, Heilongjiang",,
Zhangmu Touwei,China,CN,Guangdong,"Zhangmu Touwei, Guangdong",,
Jiangshan,China,CN,Zhejiang,"Jiangshan, Zhejiang",,
Nanqiaotou,China,CN,Guangdong,"Nanqiaotou, Guangdong",,
Zhaozhou,China,CN,Hebei,"Zhaozhou, Hebei",,
Lucheng,China,CN,Sichuan,"Lucheng, Sichuan",,
Fengcheng,China,CN,Shanxi,"Fengcheng, Shanxi",,
Baigou,China,CN,Hebei,"Baigou, Hebei",,
Shiyan,China,CN,,"Shiyan, ",,
Tumen,China,CN,Jilin,"Tumen, Jilin",,
Jizhou,China,CN,Hebei,"Jizhou, Hebei",,
Fugu,China,CN,Shaanxi,"Fugu, Shaanxi",,
Zhaxi,China,CN,Yunnan,"Zhaxi, Yunnan",,
Gexianzhuang,China,CN,Hebei,"Gexianzhuang, Hebei",,
Longtian,China,CN,Guangdong,"Longtian, Guangdong",,
Lianhe,China,CN,Heilongjiang,"Lianhe, Heilongjiang",,
Xiangcheng,China,CN,Yunnan,"Xiangcheng, Yunnan",,
Shuixi,China,CN,Guangdong,"Shuixi, Guangdong",,
Wuling,China,CN,Shanxi,"Wuling, Shanxi",,
Baisha,China,CN,Zhejiang,"Baisha, Zhejiang",,
Xuqiaocun,China,CN,Zhejiang,"Xuqiaocun, Zhejiang",,
Dongsheng,China,CN,Guangdong,"Dongsheng, Guangdong",,
Yongqing,China,CN,Hebei,"Yongqing, Hebei",,
Yulu,China,CN,Guangdong,"Yulu, Guangdong",,
Huanren,China,CN,Liaoning,"Huanren, Liaoning",,
Qiaotou,China,CN,Qinghai,"Qiaotou, Qinghai",,
Shacheng,China,CN,Hebei,"Shacheng, Hebei",,
Zhijiang,China,CN,Hunan,"Zhijiang, Hunan",,
Heshan,China,CN,Guangxi,"Heshan, Guangxi",,
Mazhang,China,CN,Guangdong,"Mazhang, Guangdong",,
Tangjia,China,CN,Guangdong,"Tangjia, Guangdong",,
Changbang,China,CN,Zhejiang,"Changbang, Zhejiang",,
Pingquan,China,CN,Hebei,"Pingquan, Hebei",,
Dali,China,CN,Shaanxi,"Dali, Shaanxi",,
Genhe,China,CN,Inner Mongolia,"Genhe, Inner Mongolia",,
Xishancun,China,CN,Guangdong,"Xishancun, Guangdong",,
Taoyang,China,CN,Gansu,"Taoyang, Gansu",,
Chongshan,China,CN,Hainan,"Chongshan, Hainan",,
Longjiang,China,CN,Heilongjiang,"Longjiang, Heilongjiang",,
Jincheng,China,CN,Shanxi,"Jincheng, Shanxi",,
Aihua,China,CN,Yunnan,"Aihua, Yunnan",,
Fugangcun,China,CN,Guangdong,"Fugangcun, Guangdong",,
Yunfu,China,CN,Yunnan,"Yunfu, Yunnan",,
Dongguazhen,China,CN,Yunnan,"Dongguazhen, Yunnan",,
Yishi,China,CN,Shanxi,"Yishi, Shanxi",,
Yilong,China,CN,Yunnan,"Yilong, Yunnan",,
Houzhuang,China,CN,Shanxi,"Houzhuang, Shanxi",,
Mengdingjie,China,CN,Yunnan,"Mengdingjie, Yunnan",,
Hengnan,China,CN,Guangdong,"Hengnan, Guangdong",,
Mositai,China,CN,Inner Mongolia,"Mositai, Inner Mongolia",,
Jingping,China,CN,Shanxi,"Jingping, Shanxi",,
Liancheng,China,CN,Yunnan,"Liancheng, Yunnan",,
Weifen,China,CN,Shanxi,"Weifen, Shanxi",,
Nanxicun,China,CN,Guangdong,"Nanxicun, Guangdong",,
Wangqing,China,CN,Jilin,"Wangqing, Jilin",,
Yishui,China,CN,Shandong,"Yishui, Shandong",,
Lingtang,China,CN,Guangdong,"Lingtang, Guangdong",,
Fenggang,China,CN,Guangdong,"Fenggang, Guangdong",,
Xiancun,China,CN,Guangdong,"Xiancun, Guangdong",,
Kargilik,China,CN,Xinjiang,"Kargilik, Xinjiang",,
Tangxing,China,CN,Shanxi,"Tangxing, Shanxi",,
Daxincun,China,CN,Ningxia,"Daxincun, Ningxia",,
Xishancun,China,CN,Guangdong,"Xishancun, Guangdong",,
Mingxing,China,CN,Shanxi,"Mingxing, Shanxi",,
Huolu,China,CN,Hebei,"Huolu, Hebei",,
Shancheng,China,CN,Shandong,"Shancheng, Shandong",,
Jinsha,China,CN,Guangdong,"Jinsha, Guangdong",,
Longkoucun,China,CN,Guangdong,"Longkoucun, Guangdong",,
Karakax,China,CN,Xinjiang,"Karakax, Xinjiang",,
Jinxing,China,CN,Ningxia,"Jinxing, Ningxia",,
Lechang,China,CN,Shanxi,"Lechang, Shanxi",,
Suileng,China,CN,Heilongjiang,"Suileng, Heilongjiang",,
Longxing,China,CN,Shanxi,"Longxing, Shanxi",,
Liuhu,China,CN,Gansu,"Liuhu, Gansu",,
Gutao,China,CN,Shanxi,"Gutao, Shanxi",,
Guozhen,China,CN,Shaanxi,"Guozhen, Shaanxi",,
Yuchengcun,China,CN,Guangdong,"Yuchengcun, Guangdong",,
Daijiazhuang,China,CN,Hebei,"Daijiazhuang, Hebei",,
Donggangli,China,CN,Hebei,"Donggangli, Hebei",,
Matoupu,China,CN,Hebei,"Matoupu, Hebei",,
Shengli,China,CN,Ningxia,"Shengli, Ningxia",,
Shangzhuangcun,China,CN,Guangdong,"Shangzhuangcun, Guangdong",,
Yihezhuang,China,CN,Hebei,"Yihezhuang, Hebei",,
Beidaying,China,CN,Hebei,"Beidaying, Hebei",,
Zhaoyu,China,CN,Shanxi,"Zhaoyu, Shanxi",,
Dongta,China,CN,Ningxia,"Dongta, Ningxia",,
Xingangli,China,CN,Hebei,"Xingangli, Hebei",,
Fengdeng,China,CN,Ningxia,"Fengdeng, Ningxia",,
Fulin,China,CN,Sichuan,"Fulin, Sichuan",,
Xiongzhou,China,CN,Hebei,"Xiongzhou, Hebei",,
Xiegang,China,CN,Guangdong,"Xiegang, Guangdong",,
Fengning,China,CN,Hebei,"Fengning, Hebei",,
Fanyang,China,CN,Anhui,"Fanyang, Anhui",,
Wujiaqu,China,CN,Xinjiang,"Wujiaqu, Xinjiang",,
Longquan,China,CN,Shanxi,"Longquan, Shanxi",,
Longkeng,China,CN,Guangdong,"Longkeng, Guangdong",,
Jinbi,China,CN,Yunnan,"Jinbi, Yunnan",,
Xiluodu,China,CN,Yunnan,"Xiluodu, Yunnan",,
Boli,China,CN,Heilongjiang,"Boli, Heilongjiang",,
Yi Xian,China,CN,Hebei,"Yi Xian, Hebei",,
Jinshan,China,CN,Yunnan,"Jinshan, Yunnan",,
Bayan Hot,China,CN,Inner Mongolia,"Bayan Hot, Inner Mongolia",,
Wangjia,China,CN,Zhejiang,"Wangjia, Zhejiang",,
Yunnanyi,China,CN,Yunnan,"Yunnanyi, Yunnan",,
Linquan,China,CN,Shanxi,"Linquan, Shanxi",,
Laiyuan,China,CN,Hebei,"Laiyuan, Hebei",,
Weiyuan,China,CN,Yunnan,"Weiyuan, Yunnan",,
Julu,China,CN,Hebei,"Julu, Hebei",,
Hezuo,China,CN,Gansu,"Hezuo, Gansu",,
Leping,China,CN,Shanxi,"Leping, Shanxi",,
Qiantangcun,China,CN,Guangdong,"Qiantangcun, Guangdong",,
Dongchuan,China,CN,Yunnan,"Dongchuan, Yunnan",,
Pingyuanjie,China,CN,Yunnan,"Pingyuanjie, Yunnan",,
Changting,China,CN,Fujian,"Changting, Fujian",,
Leshou,China,CN,Hebei,"Leshou, Hebei",,
Heyunkeng,China,CN,Guangdong,"Heyunkeng, Guangdong",,
Wulan,China,CN,Gansu,"Wulan, Gansu",,
Menglang,China,CN,Yunnan,"Menglang, Yunnan",,
Dingcheng,China,CN,Hainan,"Dingcheng, Hainan",,
Tuncheng,China,CN,Hainan,"Tuncheng, Hainan",,
Yaofeng,China,CN,Shanxi,"Yaofeng, Shanxi",,
Ducheng,China,CN,Guangdong,"Ducheng, Guangdong",,
Shaoshanzhan,China,CN,Hunan,"Shaoshanzhan, Hunan",,
Longchuan,China,CN,Yunnan,"Longchuan, Yunnan",,
Longhua,China,CN,Hebei,"Longhua, Hebei",,
Luancheng,China,CN,Hebei,"Luancheng, Hebei",,
Korgas,China,CN,Xinjiang,"Korgas, Xinjiang",,
Nantingcun,China,CN,Guangdong,"Nantingcun, Guangdong",,
Wutiancun,China,CN,Guangdong,"Wutiancun, Guangdong",,
Wuyi,China,CN,Hebei,"Wuyi, Hebei",,
Xiedian,China,CN,Shanxi,"Xiedian, Shanxi",,
Kongjiazhuang,China,CN,Hebei,"Kongjiazhuang, Hebei",,
Hengkou,China,CN,Shaanxi,"Hengkou, Shaanxi",,
Xindian,China,CN,Yunnan,"Xindian, Yunnan",,
Shuibian,China,CN,Guangdong,"Shuibian, Guangdong",,
Yanggao,China,CN,Guangdong,"Yanggao, Guangdong",,
Shiji,China,CN,Guangdong,"Shiji, Guangdong",,
Koktokay,China,CN,Xinjiang,"Koktokay, Xinjiang",,
Mabai,China,CN,Yunnan,"Mabai, Yunnan",,
Jinhe,China,CN,Yunnan,"Jinhe, Yunnan",,
Jiangna,China,CN,Yunnan,"Jiangna, Yunnan",,
Pingyi,China,CN,Shandong,"Pingyi, Shandong",,
Hengbei,China,CN,Guangdong,"Hengbei, Guangdong",,
Chengbin,China,CN,Hainan,"Chengbin, Hainan",,
Linkou,China,CN,Heilongjiang,"Linkou, Heilongjiang",,
Funing,China,CN,Hebei,"Funing, Hebei",,
Daying,China,CN,Hebei,"Daying, Hebei",,
Dongguan,China,CN,Shanxi,"Dongguan, Shanxi",,
E’erguna,China,CN,Inner Mongolia,"E’erguna, Inner Mongolia",,
Fancheng,China,CN,Shanxi,"Fancheng, Shanxi",,
Tailai,China,CN,Heilongjiang,"Tailai, Heilongjiang",,
Longquan,China,CN,Zhejiang,"Longquan, Zhejiang",,
Xinglong,China,CN,Hebei,"Xinglong, Hebei",,
Zhongcheng,China,CN,Yunnan,"Zhongcheng, Yunnan",,
Puqiancun,China,CN,Guangdong,"Puqiancun, Guangdong",,
Tongye,China,CN,Hebei,"Tongye, Hebei",,
Chaigoubu,China,CN,Hebei,"Chaigoubu, Hebei",,
Jingzhou,China,CN,Hebei,"Jingzhou, Hebei",,
Lanxi,China,CN,Heilongjiang,"Lanxi, Heilongjiang",,
Zhuolu,China,CN,Hebei,"Zhuolu, Hebei",,
Wenping,China,CN,Yunnan,"Wenping, Yunnan",,
Xiangjiaba,China,CN,Yunnan,"Xiangjiaba, Yunnan",,
Keshan,China,CN,Heilongjiang,"Keshan, Heilongjiang",,
Yinying,China,CN,Shanxi,"Yinying, Shanxi",,
Baiquan,China,CN,Heilongjiang,"Baiquan, Heilongjiang",,
Pan’an,China,CN,Gansu,"Pan’an, Gansu",,
Guzhou,China,CN,Guizhou,"Guzhou, Guizhou",,
Rongcheng,China,CN,Hebei,"Rongcheng, Hebei",,
Zhanggu,China,CN,Sichuan,"Zhanggu, Sichuan",,
Fanzhuang,China,CN,Hebei,"Fanzhuang, Hebei",,
Shangchuankou,China,CN,Qinghai,"Shangchuankou, Qinghai",,
Qingquan,China,CN,Gansu,"Qingquan, Gansu",,
Yitiaoshan,China,CN,Gansu,"Yitiaoshan, Gansu",,
Yanghe,China,CN,Ningxia,"Yanghe, Ningxia",,
Liuhe,China,CN,Jilin,"Liuhe, Jilin",,
Huishi,China,CN,Gansu,"Huishi, Gansu",,
Chengjiao Chengguanzhen,China,CN,Gansu,"Chengjiao Chengguanzhen, Gansu",,
Xinhua,China,CN,Yunnan,"Xinhua, Yunnan",,
Wanzhuang,China,CN,Hebei,"Wanzhuang, Hebei",,
Zanhuang,China,CN,Hebei,"Zanhuang, Hebei",,
Longshan,China,CN,Guizhou,"Longshan, Guizhou",,
Yuquan,China,CN,Shanxi,"Yuquan, Shanxi",,
Lushar,China,CN,Qinghai,"Lushar, Qinghai",,
Guangping,China,CN,Hebei,"Guangping, Hebei",,
Weiyuan,China,CN,Qinghai,"Weiyuan, Qinghai",,
Qarqan,China,CN,Xinjiang,"Qarqan, Xinjiang",,
Huinan,China,CN,Jilin,"Huinan, Jilin",,
Xieqiaocun,China,CN,Zhejiang,"Xieqiaocun, Zhejiang",,
Huquan,China,CN,Shanxi,"Huquan, Shanxi",,
Xibang,China,CN,Jiangsu,"Xibang, Jiangsu",,
Qinggang,China,CN,Heilongjiang,"Qinggang, Heilongjiang",,
Lingshou,China,CN,Hebei,"Lingshou, Hebei",,
Bamei,China,CN,Yunnan,"Bamei, Yunnan",,
Kangbao,China,CN,Hebei,"Kangbao, Hebei",,
Yangqingcun,China,CN,Guangdong,"Yangqingcun, Guangdong",,
Wenxicun,China,CN,Zhejiang,"Wenxicun, Zhejiang",,
Shangtangcun,China,CN,Guangdong,"Shangtangcun, Guangdong",,
Meihua,China,CN,Hebei,"Meihua, Hebei",,
Xinmin,China,CN,Shaanxi,"Xinmin, Shaanxi",,
Yongyang,China,CN,Guizhou,"Yongyang, Guizhou",,
Shihe,China,CN,Shanxi,"Shihe, Shanxi",,
Dongcun,China,CN,Shanxi,"Dongcun, Shanxi",,
Yongbei,China,CN,Yunnan,"Yongbei, Yunnan",,
Lianzhuang,China,CN,Hebei,"Lianzhuang, Hebei",,
Suifenhe,China,CN,Heilongjiang,"Suifenhe, Heilongjiang",,
Huajiang,China,CN,Guizhou,"Huajiang, Guizhou",,
Zhoujiajing,China,CN,Jiangsu,"Zhoujiajing, Jiangsu",,
Gannan,China,CN,Heilongjiang,"Gannan, Heilongjiang",,
Tianningcun,China,CN,Zhejiang,"Tianningcun, Zhejiang",,
Zengcun,China,CN,Hebei,"Zengcun, Hebei",,
Xikeng,China,CN,Guangdong,"Xikeng, Guangdong",,
Wuyang,China,CN,Guizhou,"Wuyang, Guizhou",,
Sucun,China,CN,Anhui,"Sucun, Anhui",,
Yanguancun,China,CN,Zhejiang,"Yanguancun, Zhejiang",,
Sunshi,China,CN,Hebei,"Sunshi, Hebei",,
Ma’erkang,China,CN,Sichuan,"Ma’erkang, Sichuan",,
Jiantang,China,CN,Yunnan,"Jiantang, Yunnan",,
Huaniu,China,CN,Gansu,"Huaniu, Gansu",,
Gengzhuangqiao,China,CN,Hebei,"Gengzhuangqiao, Hebei",,
Xiezhou,China,CN,Shanxi,"Xiezhou, Shanxi",,
Ping’an,China,CN,Qinghai,"Ping’an, Qinghai",,
Qianwu,China,CN,Guangdong,"Qianwu, Guangdong",,
Shicun,China,CN,Hebei,"Shicun, Hebei",,
Chini,China,CN,Guangdong,"Chini, Guangdong",,
Mengla,China,CN,Yunnan,"Mengla, Yunnan",,
Cui’erzhuang,China,CN,Hebei,"Cui’erzhuang, Hebei",,
Bianyang,China,CN,Guizhou,"Bianyang, Guizhou",,
Xinqing,China,CN,Heilongjiang,"Xinqing, Heilongjiang",,
Longmen,China,CN,Shaanxi,"Longmen, Shaanxi",,
Yongqing,China,CN,Gansu,"Yongqing, Gansu",,
Wangguanzhuang,China,CN,Hebei,"Wangguanzhuang, Hebei",,
Changling,China,CN,Jilin,"Changling, Jilin",,
Songlindian,China,CN,Hebei,"Songlindian, Hebei",,
Huaishu,China,CN,Hebei,"Huaishu, Hebei",,
Mali,China,CN,Yunnan,"Mali, Yunnan",,
Xielu,China,CN,Hebei,"Xielu, Hebei",,
Jinchang,China,CN,Shanxi,"Jinchang, Shanxi",,
Dayin,China,CN,Hebei,"Dayin, Hebei",,
Shidong,China,CN,Guangdong,"Shidong, Guangdong",,
Qingan,China,CN,Heilongjiang,"Qingan, Heilongjiang",,
Xingcheng,China,CN,Hebei,"Xingcheng, Hebei",,
Zhangjiazhuang,China,CN,Hebei,"Zhangjiazhuang, Hebei",,
Yangmei,China,CN,Guangdong,"Yangmei, Guangdong",,
Xincheng,China,CN,Shanxi,"Xincheng, Shanxi",,
Yaozhuangcun,China,CN,Zhejiang,"Yaozhuangcun, Zhejiang",,
Huaiyang,China,CN,Hebei,"Huaiyang, Hebei",,
Qabqa,China,CN,Qinghai,"Qabqa, Qinghai",,
Wangjiazhai,China,CN,Guizhou,"Wangjiazhai, Guizhou",,
Shimencun,China,CN,Zhejiang,"Shimencun, Zhejiang",,
Huazangsi,China,CN,Gansu,"Huazangsi, Gansu",,
Zhexiang,China,CN,Yunnan,"Zhexiang, Yunnan",,
Douyu,China,CN,Hebei,"Douyu, Hebei",,
Fangcun,China,CN,Hebei,"Fangcun, Hebei",,
Longwan,China,CN,Hebei,"Longwan, Hebei",,
Qinhe,China,CN,Shanxi,"Qinhe, Shanxi",,
Baicheng,China,CN,Xinjiang,"Baicheng, Xinjiang",,
Huanghuajie,China,CN,Yunnan,"Huanghuajie, Yunnan",,
Nanjian,China,CN,Yunnan,"Nanjian, Yunnan",,
Xiazhai,China,CN,Guizhou,"Xiazhai, Guizhou",,
Lindong,China,CN,Inner Mongolia,"Lindong, Inner Mongolia",,
Shankou,China,CN,Guangdong,"Shankou, Guangdong",,
Nenjiang,China,CN,Heilongjiang,"Nenjiang, Heilongjiang",,
Jiuzhou,China,CN,Hebei,"Jiuzhou, Hebei",,
Zongshizhuang,China,CN,Hebei,"Zongshizhuang, Hebei",,
Liujiaxia,China,CN,Gansu,"Liujiaxia, Gansu",,
Wofotang,China,CN,Hebei,"Wofotang, Hebei",,
Jiashizhuang,China,CN,Hebei,"Jiashizhuang, Hebei",,
Donglizhuang,China,CN,Hebei,"Donglizhuang, Hebei",,
Yong’an,China,CN,Chongqing,"Yong’an, Chongqing",,
Dongshan,China,CN,Guangdong,"Dongshan, Guangdong",,
Longtoushan Jiezi,China,CN,Yunnan,"Longtoushan Jiezi, Yunnan",,
Pangkou,China,CN,Hebei,"Pangkou, Hebei",,
Zhujiacun,China,CN,Yunnan,"Zhujiacun, Yunnan",,
Yongping,China,CN,Shaanxi,"Yongping, Shaanxi",,
Mengmeng,China,CN,Yunnan,"Mengmeng, Yunnan",,
Yecun,China,CN,Shaanxi,"Yecun, Shaanxi",,
Jitaicun,China,CN,Hebei,"Jitaicun, Hebei",,
Qingyuan,China,CN,Guangxi,"Qingyuan, Guangxi",,
Liulin,China,CN,Shaanxi,"Liulin, Shaanxi",,
Tangdukou,China,CN,Hunan,"Tangdukou, Hunan",,
Daxiang,China,CN,Guangdong,"Daxiang, Guangdong",,
Yehe,China,CN,Hebei,"Yehe, Hebei",,
Qiutouzhen,China,CN,Hebei,"Qiutouzhen, Hebei",,
Wangtan,China,CN,Hebei,"Wangtan, Hebei",,
Nanzhuangzhen,China,CN,Yunnan,"Nanzhuangzhen, Yunnan",,
Yashan,China,CN,Guangdong,"Yashan, Guangdong",,
Dongzhuosu,China,CN,Hebei,"Dongzhuosu, Hebei",,
Fangguan,China,CN,Hebei,"Fangguan, Hebei",,
Shimenzhai,China,CN,Hebei,"Shimenzhai, Hebei",,
Zhongzhai,China,CN,Guizhou,"Zhongzhai, Guizhou",,
Anshan,China,CN,Hebei,"Anshan, Hebei",,
Xingji,China,CN,Hebei,"Xingji, Hebei",,
Caiguantun,China,CN,Guizhou,"Caiguantun, Guizhou",,
Changchong,China,CN,Guizhou,"Changchong, Guizhou",,
Xisa,China,CN,Yunnan,"Xisa, Yunnan",,
Baiji,China,CN,Guizhou,"Baiji, Guizhou",,
Nongzhangjie,China,CN,Yunnan,"Nongzhangjie, Yunnan",,
Shazhou,China,CN,Gansu,"Shazhou, Gansu",,
Bingmei,China,CN,Guizhou,"Bingmei, Guizhou",,
Beiwanglizhen,China,CN,Hebei,"Beiwanglizhen, Hebei",,
Shangshan,China,CN,Guangdong,"Shangshan, Guangdong",,
Tangjiacun,China,CN,Guangdong,"Tangjiacun, Guangdong",,
Liuquan,China,CN,Hebei,"Liuquan, Hebei",,
Yaopu,China,CN,Guizhou,"Yaopu, Guizhou",,
Houbu,China,CN,Shanxi,"Houbu, Shanxi",,
Yaoquan,China,CN,Gansu,"Yaoquan, Gansu",,
Qingfengdian,China,CN,Hebei,"Qingfengdian, Hebei",,
Changtoushang,China,CN,Hainan,"Changtoushang, Hainan",,
Tuodian,China,CN,Yunnan,"Tuodian, Yunnan",,
Hanerik,China,CN,Xinjiang,"Hanerik, Xinjiang",,
Jinku,China,CN,Guangdong,"Jinku, Guangdong",,
Xinjun,China,CN,Zhejiang,"Xinjun, Zhejiang",,
Menghan,China,CN,Yunnan,"Menghan, Yunnan",,
Jiaohe,China,CN,Hebei,"Jiaohe, Hebei",,
Khutubi,China,CN,Xinjiang,"Khutubi, Xinjiang",,
Nandazhang,China,CN,Hebei,"Nandazhang, Hebei",,
Zhangliangcun,China,CN,Shanxi,"Zhangliangcun, Shanxi",,
Xihuachi,China,CN,Gansu,"Xihuachi, Gansu",,
Zhangcun,China,CN,Hebei,"Zhangcun, Hebei",,
Wangyuanqiao,China,CN,Ningxia,"Wangyuanqiao, Ningxia",,
Shuilou,China,CN,Guangdong,"Shuilou, Guangdong",,
Nansan,China,CN,Yunnan,"Nansan, Yunnan",,
Loufan,China,CN,Shanxi,"Loufan, Shanxi",,
Shenjiatun,China,CN,Hebei,"Shenjiatun, Hebei",,
Dusheng,China,CN,Hebei,"Dusheng, Hebei",,
Cuihua,China,CN,Yunnan,"Cuihua, Yunnan",,
Yangcunzai,China,CN,Guangdong,"Yangcunzai, Guangdong",,
Liantang,China,CN,Guangdong,"Liantang, Guangdong",,
Wancheng,China,CN,Hebei,"Wancheng, Hebei",,
Machang,China,CN,Guizhou,"Machang, Guizhou",,
Dacun,China,CN,Shaanxi,"Dacun, Shaanxi",,
Lingquan,China,CN,Shanxi,"Lingquan, Shanxi",,
Litian Gezhuang,China,CN,Hebei,"Litian Gezhuang, Hebei",,
Xinleitou,China,CN,Hebei,"Xinleitou, Hebei",,
Yinggen,China,CN,Hainan,"Yinggen, Hainan",,
Nanbaishezhen,China,CN,Hebei,"Nanbaishezhen, Hebei",,
Nanmeng,China,CN,Hebei,"Nanmeng, Hebei",,
Yangtangxu,China,CN,Guangdong,"Yangtangxu, Guangdong",,
Gaolincun,China,CN,Hebei,"Gaolincun, Hebei",,
Baichigan,China,CN,Hebei,"Baichigan, Hebei",,
Tanxia,China,CN,Guangdong,"Tanxia, Guangdong",,
Tiegan,China,CN,Hebei,"Tiegan, Hebei",,
Anyuan,China,CN,Gansu,"Anyuan, Gansu",,
Yingzhou Linchang,China,CN,Hainan,"Yingzhou Linchang, Hainan",,
Shanhe,China,CN,Gansu,"Shanhe, Gansu",,
Taicheng,China,CN,Shanxi,"Taicheng, Shanxi",,
Zhujiezhen,China,CN,Yunnan,"Zhujiezhen, Yunnan",,
Yian,China,CN,Heilongjiang,"Yian, Heilongjiang",,
Longtang,China,CN,Guizhou,"Longtang, Guizhou",,
Oroqen Zizhiqi,China,CN,Inner Mongolia,"Oroqen Zizhiqi, Inner Mongolia",,
Zhongbai,China,CN,Guizhou,"Zhongbai, Guizhou",,
Alashankou,China,CN,Xinjiang,"Alashankou, Xinjiang",,
Jiaozishan,China,CN,Guizhou,"Jiaozishan, Guizhou",,
Xinlizhuang,China,CN,Hebei,"Xinlizhuang, Hebei",,
Weibo,China,CN,Hebei,"Weibo, Hebei",,
Tianchang,China,CN,Hebei,"Tianchang, Hebei",,
Sanjiang,China,CN,Guangdong,"Sanjiang, Guangdong",,
Yangfang,China,CN,Hebei,"Yangfang, Hebei",,
Niutuo,China,CN,Hebei,"Niutuo, Hebei",,
Shijiazhuangnan,China,CN,Hebei,"Shijiazhuangnan, Hebei",,
Sungandiancun,China,CN,Hebei,"Sungandiancun, Hebei",,
Xiwanzi,China,CN,Hebei,"Xiwanzi, Hebei",,
Changchunpu,China,CN,Guizhou,"Changchunpu, Guizhou",,
Bayan,China,CN,Qinghai,"Bayan, Qinghai",,
Xiaguanying,China,CN,Gansu,"Xiaguanying, Gansu",,
Lanyi,China,CN,Shanxi,"Lanyi, Shanxi",,
Monan,China,CN,Hebei,"Monan, Hebei",,
Siyang,China,CN,Guizhou,"Siyang, Guizhou",,
Yanqi,China,CN,Xinjiang,"Yanqi, Xinjiang",,
Dengtangcun,China,CN,Guangdong,"Dengtangcun, Guangdong",,
Xinpo,China,CN,Guangdong,"Xinpo, Guangdong",,
Xinqiao,China,CN,Hebei,"Xinqiao, Hebei",,
Yamen,China,CN,Guangdong,"Yamen, Guangdong",,
Sanchahe,China,CN,Ningxia,"Sanchahe, Ningxia",,
Dajiecun,China,CN,Hebei,"Dajiecun, Hebei",,
Daiyue,China,CN,Shanxi,"Daiyue, Shanxi",,
Jelilyüzi,China,CN,Xinjiang,"Jelilyüzi, Xinjiang",,
Wangsicun,China,CN,Hebei,"Wangsicun, Hebei",,
Shiji,China,CN,Guangdong,"Shiji, Guangdong",,
Fengguangcun,China,CN,Guangdong,"Fengguangcun, Guangdong",,
Shaxi,China,CN,Guangdong,"Shaxi, Guangdong",,
Pingxiangcheng,China,CN,Hebei,"Pingxiangcheng, Hebei",,
Daying,China,CN,Hebei,"Daying, Hebei",,
Tunzi,China,CN,Gansu,"Tunzi, Gansu",,
Akto,China,CN,Xinjiang,"Akto, Xinjiang",,
Anzhou,China,CN,Hebei,"Anzhou, Hebei",,
Baishi Airikecun,China,CN,Xinjiang,"Baishi Airikecun, Xinjiang",,
Zuojiawu,China,CN,Hebei,"Zuojiawu, Hebei",,
Elixku,China,CN,Xinjiang,"Elixku, Xinjiang",,
Dabutou,China,CN,Shanxi,"Dabutou, Shanxi",,
Xindian,China,CN,Hebei,"Xindian, Hebei",,
Beiya,China,CN,Gansu,"Beiya, Gansu",,
Yejituo,China,CN,Hebei,"Yejituo, Hebei",,
Zhaoqiao,China,CN,Hebei,"Zhaoqiao, Hebei",,
Wangtuan,China,CN,Ningxia,"Wangtuan, Ningxia",,
Danihe,China,CN,Hebei,"Danihe, Hebei",,
Bulicun,China,CN,Guangdong,"Bulicun, Guangdong",,
Haomen,China,CN,Qinghai,"Haomen, Qinghai",,
Dama,China,CN,Zhejiang,"Dama, Zhejiang",,
Pingshang,China,CN,Guangdong,"Pingshang, Guangdong",,
Rongwo,China,CN,Qinghai,"Rongwo, Qinghai",,
Zhentang,China,CN,Guangdong,"Zhentang, Guangdong",,
Mengdong,China,CN,Yunnan,"Mengdong, Yunnan",,
Lixingcun,China,CN,Guangdong,"Lixingcun, Guangdong",,
Tilingzhai,China,CN,Hebei,"Tilingzhai, Hebei",,
Douzhuang,China,CN,Hebei,"Douzhuang, Hebei",,
Nanzhiqiu,China,CN,Hebei,"Nanzhiqiu, Hebei",,
Shenjiabang,China,CN,Zhejiang,"Shenjiabang, Zhejiang",,
Jieshang,China,CN,Guizhou,"Jieshang, Guizhou",,
Matou,China,CN,Hebei,"Matou, Hebei",,
Diaowo,China,CN,Hebei,"Diaowo, Hebei",,
Guying,China,CN,Hebei,"Guying, Hebei",,
Yangquan,China,CN,Shanxi,"Yangquan, Shanxi",,
Shangzhen,China,CN,Shaanxi,"Shangzhen, Shaanxi",,
Zhangzhengqiao,China,CN,Ningxia,"Zhangzhengqiao, Ningxia",,
Songcaozhen,China,CN,Hebei,"Songcaozhen, Hebei",,
Xincheng,China,CN,Hebei,"Xincheng, Hebei",,
Youwangjie,China,CN,Yunnan,"Youwangjie, Yunnan",,
Qingyang,China,CN,Shanxi,"Qingyang, Shanxi",,
Datang,China,CN,Guizhou,"Datang, Guizhou",,
Peyziwat,China,CN,Xinjiang,"Peyziwat, Xinjiang",,
Cishan,China,CN,Hebei,"Cishan, Hebei",,
Zhaitangcun,China,CN,Guangdong,"Zhaitangcun, Guangdong",,
Yinchengpu,China,CN,Hebei,"Yinchengpu, Hebei",,
Tekes,China,CN,Xinjiang,"Tekes, Xinjiang",,
Xiadian,China,CN,Hebei,"Xiadian, Hebei",,
Jishi,China,CN,Qinghai,"Jishi, Qinghai",,
Lianmuqin Kancun,China,CN,Xinjiang,"Lianmuqin Kancun, Xinjiang",,
Zhanjia,China,CN,Shaanxi,"Zhanjia, Shaanxi",,
Shangcaiyuan,China,CN,Yunnan,"Shangcaiyuan, Yunnan",,
Shaliuhe,China,CN,Hebei,"Shaliuhe, Hebei",,
Huangzhuang,China,CN,Hebei,"Huangzhuang, Hebei",,
Fucheng,China,CN,Gansu,"Fucheng, Gansu",,
Laojiezi,China,CN,Yunnan,"Laojiezi, Yunnan",,
Baiyan,China,CN,Guizhou,"Baiyan, Guizhou",,
Yankou,China,CN,Guizhou,"Yankou, Guizhou",,
Beixinzhuang,China,CN,Hebei,"Beixinzhuang, Hebei",,
Zangang,China,CN,Hebei,"Zangang, Hebei",,
Zaojiao,China,CN,Gansu,"Zaojiao, Gansu",,
Menglie,China,CN,Yunnan,"Menglie, Yunnan",,
Xangda,China,CN,Qinghai,"Xangda, Qinghai",,
Dongxianpo,China,CN,Hebei,"Dongxianpo, Hebei",,
Jiming,China,CN,Hebei,"Jiming, Hebei",,
Donggou,China,CN,Shanxi,"Donggou, Shanxi",,
Shentang,China,CN,Guangdong,"Shentang, Guangdong",,
Tongkou,China,CN,Hebei,"Tongkou, Hebei",,
Nilka,China,CN,Xinjiang,"Nilka, Xinjiang",,
Shahedian,China,CN,Hebei,"Shahedian, Hebei",,
Fengrenxu,China,CN,Guangdong,"Fengrenxu, Guangdong",,
Dongmaying,China,CN,Hebei,"Dongmaying, Hebei",,
Tanmen,China,CN,Hainan,"Tanmen, Hainan",,
Wanghong Yidui,China,CN,Ningxia,"Wanghong Yidui, Ningxia",,
Huangxicun,China,CN,Guangdong,"Huangxicun, Guangdong",,
Yingyangcun,China,CN,Guangxi,"Yingyangcun, Guangxi",,
Wenxian Chengguanzhen,China,CN,Gansu,"Wenxian Chengguanzhen, Gansu",,
Duanshan,China,CN,Guizhou,"Duanshan, Guizhou",,
Taozhuangcun,China,CN,Zhejiang,"Taozhuangcun, Zhejiang",,
Yingshouyingzi,China,CN,Hebei,"Yingshouyingzi, Hebei",,
Duanzhuang,China,CN,Shanxi,"Duanzhuang, Shanxi",,
Xinzhaidian,China,CN,Hebei,"Xinzhaidian, Hebei",,
Nanwucun,China,CN,Hebei,"Nanwucun, Hebei",,
Wuyuan,China,CN,Inner Mongolia,"Wuyuan, Inner Mongolia",,
Xinpo,China,CN,Hainan,"Xinpo, Hainan",,
Shetang,China,CN,Gansu,"Shetang, Gansu",,
Daheba,China,CN,Guizhou,"Daheba, Guizhou",,
Xunjiansi,China,CN,Yunnan,"Xunjiansi, Yunnan",,
Shangpa,China,CN,Yunnan,"Shangpa, Yunnan",,
Guotang,China,CN,Guangdong,"Guotang, Guangdong",,
Xiaba,China,CN,Guizhou,"Xiaba, Guizhou",,
Shibancun,China,CN,Guangdong,"Shibancun, Guangdong",,
Nan’ao,China,CN,Hebei,"Nan’ao, Hebei",,
Zhangguzhuang,China,CN,Hebei,"Zhangguzhuang, Hebei",,
Shuangtian,China,CN,Guangdong,"Shuangtian, Guangdong",,
Mangdongshan,China,CN,Yunnan,"Mangdongshan, Yunnan",,
Mashan,China,CN,Shanxi,"Mashan, Shanxi",,
Xinmin,China,CN,Guizhou,"Xinmin, Guizhou",,
Toksun,China,CN,Xinjiang,"Toksun, Xinjiang",,
Yangshuling,China,CN,Hebei,"Yangshuling, Hebei",,
Xiaobazi,China,CN,Guizhou,"Xiaobazi, Guizhou",,
Benhao,China,CN,Hainan,"Benhao, Hainan",,
Matouying,China,CN,Hebei,"Matouying, Hebei",,
Duzhuang,China,CN,Hebei,"Duzhuang, Hebei",,
Shiqiao,China,CN,Gansu,"Shiqiao, Gansu",,
Ciying,China,CN,Yunnan,"Ciying, Yunnan",,
Gonglang,China,CN,Yunnan,"Gonglang, Yunnan",,
Dongwang,China,CN,Hebei,"Dongwang, Hebei",,
Tanglou,China,CN,Guangdong,"Tanglou, Guangdong",,
Toqsu,China,CN,Xinjiang,"Toqsu, Xinjiang",,
Chahe,China,CN,Guizhou,"Chahe, Guizhou",,
Heshancun,China,CN,Zhejiang,"Heshancun, Zhejiang",,
Zhonghechang,China,CN,Guizhou,"Zhonghechang, Guizhou",,
Shangluhu,China,CN,Guangdong,"Shangluhu, Guangdong",,
Laoaoba,China,CN,Guizhou,"Laoaoba, Guizhou",,
Zhongtai,China,CN,Gansu,"Zhongtai, Gansu",,
Zhailuo,China,CN,Guizhou,"Zhailuo, Guizhou",,
Qincun,China,CN,Hebei,"Qincun, Hebei",,
Baishaling,China,CN,Guangdong,"Baishaling, Guangdong",,
Huanghuajing,China,CN,Guangdong,"Huanghuajing, Guangdong",,
Gaotan,China,CN,Shaanxi,"Gaotan, Shaanxi",,
Toli,China,CN,Xinjiang,"Toli, Xinjiang",,
Qujingpu,China,CN,Ningxia,"Qujingpu, Ningxia",,
Guma,China,CN,Xinjiang,"Guma, Xinjiang",,
Shuiding,China,CN,Xinjiang,"Shuiding, Xinjiang",,
Langdu,China,CN,Yunnan,"Langdu, Yunnan",,
Yangyuhe,China,CN,Shaanxi,"Yangyuhe, Shaanxi",,
Uchturpan,China,CN,Xinjiang,"Uchturpan, Xinjiang",,
Niuchangqiao,China,CN,Guizhou,"Niuchangqiao, Guizhou",,
Shilan,China,CN,Guangdong,"Shilan, Guangdong",,
Lufeng,China,CN,Yunnan,"Lufeng, Yunnan",,
Gabasumdo,China,CN,Qinghai,"Gabasumdo, Qinghai",,
Zongdi,China,CN,Guizhou,"Zongdi, Guizhou",,
Longtan,China,CN,Hebei,"Longtan, Hebei",,
Narat,China,CN,Xinjiang,"Narat, Xinjiang",,
Wangtang,China,CN,Hainan,"Wangtang, Hainan",,
Xima,China,CN,Hebei,"Xima, Hebei",,
Tongyangdao,China,CN,Inner Mongolia,"Tongyangdao, Inner Mongolia",,
Haiyang,China,CN,Hebei,"Haiyang, Hebei",,
Manbengtang,China,CN,Yunnan,"Manbengtang, Yunnan",,
Bo’ao,China,CN,Hainan,"Bo’ao, Hainan",,
Longdian,China,CN,Hebei,"Longdian, Hebei",,
Kedu,China,CN,Guizhou,"Kedu, Guizhou",,
Zhongshan,China,CN,Gansu,"Zhongshan, Gansu",,
Qingshan,China,CN,Yunnan,"Qingshan, Yunnan",,
Liqizhuang,China,CN,Hebei,"Liqizhuang, Hebei",,
Jiangdi,China,CN,Yunnan,"Jiangdi, Yunnan",,
Zuitou,China,CN,Shaanxi,"Zuitou, Shaanxi",,
Chuimatan,China,CN,Gansu,"Chuimatan, Gansu",,
Hancun,China,CN,Hebei,"Hancun, Hebei",,
Jinju,China,CN,Guangdong,"Jinju, Guangdong",,
Shangxiao,China,CN,Gansu,"Shangxiao, Gansu",,
Chuanliaocun,China,CN,Zhejiang,"Chuanliaocun, Zhejiang",,
Yuanyangzhen,China,CN,Gansu,"Yuanyangzhen, Gansu",,
Ganjing,China,CN,Shaanxi,"Ganjing, Shaanxi",,
Zhaicun,China,CN,Guangdong,"Zhaicun, Guangdong",,
Lilancheng,China,CN,Hebei,"Lilancheng, Hebei",,
Liushuquan,China,CN,Hebei,"Liushuquan, Hebei",,
Shuanghe,China,CN,Shaanxi,"Shuanghe, Shaanxi",,
Bangzha,China,CN,Guizhou,"Bangzha, Guizhou",,
Dengjiazhuang,China,CN,Hebei,"Dengjiazhuang, Hebei",,
Xishan,China,CN,Guangdong,"Xishan, Guangdong",,
Dongfeng,China,CN,Guangdong,"Dongfeng, Guangdong",,
Haoping,China,CN,Shaanxi,"Haoping, Shaanxi",,
Gaoya,China,CN,Gansu,"Gaoya, Gansu",,
Maozhou,China,CN,Hebei,"Maozhou, Hebei",,
Yinajia,China,CN,Guizhou,"Yinajia, Guizhou",,
Nanpingcun,China,CN,Shanxi,"Nanpingcun, Shanxi",,
Lanling,China,CN,Guangdong,"Lanling, Guangdong",,
Haiwei,China,CN,Hainan,"Haiwei, Hainan",,
Fengruncun,China,CN,Shaanxi,"Fengruncun, Shaanxi",,
Yanyan,China,CN,Guangdong,"Yanyan, Guangdong",,
Zhongcun,China,CN,Gansu,"Zhongcun, Gansu",,
Wumayingcun,China,CN,Hebei,"Wumayingcun, Hebei",,
Mengdan,China,CN,Yunnan,"Mengdan, Yunnan",,
Xiaolongtan,China,CN,Yunnan,"Xiaolongtan, Yunnan",,
Dalupo,China,CN,Hainan,"Dalupo, Hainan",,
Wujiaying,China,CN,Shaanxi,"Wujiaying, Shaanxi",,
Yuzhang,China,CN,Guizhou,"Yuzhang, Guizhou",,
Malanguan,China,CN,Hebei,"Malanguan, Hebei",,
Shitan,China,CN,Guangdong,"Shitan, Guangdong",,
Liangwu,China,CN,Guangdong,"Liangwu, Guangdong",,
Zhuchangba,China,CN,Guizhou,"Zhuchangba, Guizhou",,
Dongxiaozhai,China,CN,Hebei,"Dongxiaozhai, Hebei",,
Zhenbeibu,China,CN,Ningxia,"Zhenbeibu, Ningxia",,
Ziketan,China,CN,Qinghai,"Ziketan, Qinghai",,
Tanglin,China,CN,Hebei,"Tanglin, Hebei",,
Shangtianba,China,CN,Yunnan,"Shangtianba, Yunnan",,
Xinxing,China,CN,Heilongjiang,"Xinxing, Heilongjiang",,
Liushui,China,CN,Shaanxi,"Liushui, Shaanxi",,
Hujiachi,China,CN,Hebei,"Hujiachi, Hebei",,
Qiaomaichuan,China,CN,Shanxi,"Qiaomaichuan, Shanxi",,
Dazhuang,China,CN,Hebei,"Dazhuang, Hebei",,
Pingtang,China,CN,Guizhou,"Pingtang, Guizhou",,
Huilongping,China,CN,Guizhou,"Huilongping, Guizhou",,
Baiheqiao,China,CN,Yunnan,"Baiheqiao, Yunnan",,
Lihe,China,CN,Gansu,"Lihe, Gansu",,
Suonan,China,CN,Gansu,"Suonan, Gansu",,
Hoh Ereg,China,CN,Inner Mongolia,"Hoh Ereg, Inner Mongolia",,
Nanxingguo,China,CN,Hebei,"Nanxingguo, Hebei",,
Dongsheng,China,CN,Gansu,"Dongsheng, Gansu",,
Bazhajiemicun,China,CN,Xinjiang,"Bazhajiemicun, Xinjiang",,
Jurh,China,CN,Inner Mongolia,"Jurh, Inner Mongolia",,
Qianmotou,China,CN,Hebei,"Qianmotou, Hebei",,
Xiaping,China,CN,Guangdong,"Xiaping, Guangdong",,
Jieshang,China,CN,Guizhou,"Jieshang, Guizhou",,
Neihuzhai,China,CN,Guangdong,"Neihuzhai, Guangdong",,
Jiucangzhou,China,CN,Hebei,"Jiucangzhou, Hebei",,
Shiling,China,CN,Guizhou,"Shiling, Guizhou",,
Nanyangcun,China,CN,Shaanxi,"Nanyangcun, Shaanxi",,
Yuli,China,CN,Xinjiang,"Yuli, Xinjiang",,
Wulongpu,China,CN,Shaanxi,"Wulongpu, Shaanxi",,
Gyêgu,China,CN,Qinghai,"Gyêgu, Qinghai",,
Huaibaijie,China,CN,Shaanxi,"Huaibaijie, Shaanxi",,
Xinsi,China,CN,Gansu,"Xinsi, Gansu",,
Yanshanbu,China,CN,Guizhou,"Yanshanbu, Guizhou",,
Beixingzhuang,China,CN,Shanxi,"Beixingzhuang, Shanxi",,
Maying,China,CN,Qinghai,"Maying, Qinghai",,
Shaomi,China,CN,Guizhou,"Shaomi, Guizhou",,
Zhengtun,China,CN,Guizhou,"Zhengtun, Guizhou",,
Huangzhai,China,CN,Shanxi,"Huangzhai, Shanxi",,
Gonghe,China,CN,Gansu,"Gonghe, Gansu",,
Gaoguzhuang,China,CN,Hebei,"Gaoguzhuang, Hebei",,
Zhedao,China,CN,Yunnan,"Zhedao, Yunnan",,
Daxin,China,CN,Guizhou,"Daxin, Guizhou",,
Zhucaoying,China,CN,Hebei,"Zhucaoying, Hebei",,
Chankou,China,CN,Gansu,"Chankou, Gansu",,
Pingtan,China,CN,Guangxi,"Pingtan, Guangxi",,
Lihuzhuang,China,CN,Hebei,"Lihuzhuang, Hebei",,
Caojiachuan,China,CN,Shanxi,"Caojiachuan, Shanxi",,
Luofa,China,CN,Hebei,"Luofa, Hebei",,
Qapqal,China,CN,Xinjiang,"Qapqal, Xinjiang",,
Yaojiafen,China,CN,Hebei,"Yaojiafen, Hebei",,
Tongzhou,China,CN,Guizhou,"Tongzhou, Guizhou",,
Xinzhai,China,CN,Guizhou,"Xinzhai, Guizhou",,
Zhoucun,China,CN,Hebei,"Zhoucun, Hebei",,
Tong’anyi,China,CN,Gansu,"Tong’anyi, Gansu",,
Qia’erbagecun,China,CN,Xinjiang,"Qia’erbagecun, Xinjiang",,
Xintian,China,CN,Yunnan,"Xintian, Yunnan",,
Sanhe,China,CN,Ningxia,"Sanhe, Ningxia",,
Youganning,China,CN,Qinghai,"Youganning, Qinghai",,
Jiangjiadong,China,CN,Guangdong,"Jiangjiadong, Guangdong",,
Agan,China,CN,Gansu,"Agan, Gansu",,
Hancha,China,CN,Shaanxi,"Hancha, Shaanxi",,
Anping,China,CN,Hebei,"Anping, Hebei",,
Xinnongcun,China,CN,Liaoning,"Xinnongcun, Liaoning",,
Zhangjiazhuang,China,CN,Hebei,"Zhangjiazhuang, Hebei",,
Yangping,China,CN,Yunnan,"Yangping, Yunnan",,
Hexiang,China,CN,Hainan,"Hexiang, Hainan",,
Hanmayingcun,China,CN,Hebei,"Hanmayingcun, Hebei",,
Gandujie,China,CN,Qinghai,"Gandujie, Qinghai",,
Donggou,China,CN,Hainan,"Donggou, Hainan",,
Qagan Us,China,CN,Qinghai,"Qagan Us, Qinghai",,
Diguapo,China,CN,Guizhou,"Diguapo, Guizhou",,
Guding,China,CN,Guizhou,"Guding, Guizhou",,
Yuancun,China,CN,Guizhou,"Yuancun, Guizhou",,
Jiangjiehe,China,CN,Guizhou,"Jiangjiehe, Guizhou",,
Zhaodianzi,China,CN,Hebei,"Zhaodianzi, Hebei",,
Xiaqiaotou,China,CN,Yunnan,"Xiaqiaotou, Yunnan",,
Liuliang,China,CN,Gansu,"Liuliang, Gansu",,
Liuguang,China,CN,Guizhou,"Liuguang, Guizhou",,
Guantiankan,China,CN,Guizhou,"Guantiankan, Guizhou",,
Hongshui,China,CN,Gansu,"Hongshui, Gansu",,
Doujing,China,CN,Guizhou,"Doujing, Guizhou",,
Yuanhucun,China,CN,Xinjiang,"Yuanhucun, Xinjiang",,
Hoxut,China,CN,Xinjiang,"Hoxut, Xinjiang",,
Xihuangcun,China,CN,Hebei,"Xihuangcun, Hebei",,
Heishanzuicun,China,CN,Hebei,"Heishanzuicun, Hebei",,
Magitang,China,CN,Qinghai,"Magitang, Qinghai",,
Heishuikeng,China,CN,Shaanxi,"Heishuikeng, Shaanxi",,
Tangbian,China,CN,Guizhou,"Tangbian, Guizhou",,
Mingjiujie,China,CN,Yunnan,"Mingjiujie, Yunnan",,
Zerong,China,CN,Guizhou,"Zerong, Guizhou",,
Tazishan,China,CN,Hebei,"Tazishan, Hebei",,
Xinhua,China,CN,Gansu,"Xinhua, Gansu",,
Caowotan,China,CN,Gansu,"Caowotan, Gansu",,
Qitai,China,CN,Inner Mongolia,"Qitai, Inner Mongolia",,
Jiaoxiyakou,China,CN,Yunnan,"Jiaoxiyakou, Yunnan",,
Hala,China,CN,Guizhou,"Hala, Guizhou",,
Longjia,China,CN,Hainan,"Longjia, Hainan",,
Sanpaicun,China,CN,Guangdong,"Sanpaicun, Guangdong",,
Liuma,China,CN,Guizhou,"Liuma, Guizhou",,
Guanzhai,China,CN,Guizhou,"Guanzhai, Guizhou",,
Shaogang,China,CN,Ningxia,"Shaogang, Ningxia",,
Shaoyu,China,CN,Gansu,"Shaoyu, Gansu",,
Qishe,China,CN,Guizhou,"Qishe, Guizhou",,
Shaying,China,CN,Guizhou,"Shaying, Guizhou",,
Gangwuzhen,China,CN,Guizhou,"Gangwuzhen, Guizhou",,
Mengjiacun,China,CN,Liaoning,"Mengjiacun, Liaoning",,
Matigou,China,CN,Shaanxi,"Matigou, Shaanxi",,
Quanzhang,China,CN,Shanxi,"Quanzhang, Shanxi",,
Gaoniang,China,CN,Guizhou,"Gaoniang, Guizhou",,
Yuanquan,China,CN,Gansu,"Yuanquan, Gansu",,
Yanggezhuang,China,CN,Hebei,"Yanggezhuang, Hebei",,
Shangjing,China,CN,Guangdong,"Shangjing, Guangdong",,
Zhongguyue,China,CN,Hebei,"Zhongguyue, Hebei",,
Miaojiaping,China,CN,Shaanxi,"Miaojiaping, Shaanxi",,
Longjia,China,CN,Shanxi,"Longjia, Shanxi",,
Minquan,China,CN,Gansu,"Minquan, Gansu",,
Dingjiagouxiang,China,CN,Gansu,"Dingjiagouxiang, Gansu",,
Duijiang,China,CN,Guizhou,"Duijiang, Guizhou",,
Zhoujia,China,CN,Gansu,"Zhoujia, Gansu",,
Chedaopo,China,CN,Gansu,"Chedaopo, Gansu",,
Dijiasuoxiang,China,CN,Gansu,"Dijiasuoxiang, Gansu",,
Dazhangzi,China,CN,Hebei,"Dazhangzi, Hebei",,
Xintangcun,China,CN,Guangdong,"Xintangcun, Guangdong",,
Manlin,China,CN,Yunnan,"Manlin, Yunnan",,
Xixinzhuangzhen,China,CN,Shanxi,"Xixinzhuangzhen, Shanxi",,
Xinlong,China,CN,Hainan,"Xinlong, Hainan",,
Long’e,China,CN,Guizhou,"Long’e, Guizhou",,
Xinying,China,CN,Gansu,"Xinying, Gansu",,
Miqiao,China,CN,Gansu,"Miqiao, Gansu",,
Dongjiangshui,China,CN,Gansu,"Dongjiangshui, Gansu",,
Dacaozhuang,China,CN,Hebei,"Dacaozhuang, Hebei",,
Liuchuan,China,CN,Guizhou,"Liuchuan, Guizhou",,
Liuguoju,China,CN,Shaanxi,"Liuguoju, Shaanxi",,
Fuying,China,CN,Hebei,"Fuying, Hebei",,
Liangyi,China,CN,Gansu,"Liangyi, Gansu",,
Kaiwen,China,CN,Yunnan,"Kaiwen, Yunnan",,
Wentang,China,CN,Guangdong,"Wentang, Guangdong",,
Zequ,China,CN,Qinghai,"Zequ, Qinghai",,
Jinji,China,CN,Guangdong,"Jinji, Guangdong",,
Xinyuan,China,CN,Qinghai,"Xinyuan, Qinghai",,
Longchang,China,CN,Guizhou,"Longchang, Guizhou",,
Zhongzai,China,CN,Guizhou,"Zhongzai, Guizhou",,
Changji,China,CN,Guizhou,"Changji, Guizhou",,
Yunshan,China,CN,Gansu,"Yunshan, Gansu",,
Taohongpozhen,China,CN,Shanxi,"Taohongpozhen, Shanxi",,
Baipingshan,China,CN,Guizhou,"Baipingshan, Guizhou",,
Bikou,China,CN,Gansu,"Bikou, Gansu",,
Chaona,China,CN,Gansu,"Chaona, Gansu",,
Nanzuo,China,CN,Hebei,"Nanzuo, Hebei",,
Xiaozhengzhuang,China,CN,Hebei,"Xiaozhengzhuang, Hebei",,
Yaojia,China,CN,Chongqing,"Yaojia, Chongqing",,
Hongsi,China,CN,Gansu,"Hongsi, Gansu",,
Chinggil,China,CN,Xinjiang,"Chinggil, Xinjiang",,
Dalachi,China,CN,Gansu,"Dalachi, Gansu",,
Dianga,China,CN,Gansu,"Dianga, Gansu",,
Xixucun,China,CN,Hebei,"Xixucun, Hebei",,
Luzhou,China,CN,Guangdong,"Luzhou, Guangdong",,
Hedongcun,China,CN,Gansu,"Hedongcun, Gansu",,
Machang,China,CN,Shaanxi,"Machang, Shaanxi",,
Chenlu,China,CN,Shaanxi,"Chenlu, Shaanxi",,
Wenwu,China,CN,Guangdong,"Wenwu, Guangdong",,
Jiaojiazhuang,China,CN,Gansu,"Jiaojiazhuang, Gansu",,
Mangqu,China,CN,Qinghai,"Mangqu, Qinghai",,
Banqiao,China,CN,Gansu,"Banqiao, Gansu",,
Baiceng,China,CN,Guizhou,"Baiceng, Guizhou",,
Erjie,China,CN,Yunnan,"Erjie, Yunnan",,
Liangwancun,China,CN,Yunnan,"Liangwancun, Yunnan",,
Xihuangni,China,CN,Hebei,"Xihuangni, Hebei",,
Yinhua,China,CN,Shaanxi,"Yinhua, Shaanxi",,
Majiagoucha,China,CN,Shaanxi,"Majiagoucha, Shaanxi",,
Humayingcun,China,CN,Hebei,"Humayingcun, Hebei",,
Huchuan,China,CN,Gansu,"Huchuan, Gansu",,
Qiaoyang,China,CN,Gansu,"Qiaoyang, Gansu",,
Jinta,China,CN,Gansu,"Jinta, Gansu",,
Shuichecun,China,CN,Guangdong,"Shuichecun, Guangdong",,
Huasuo,China,CN,Gansu,"Huasuo, Gansu",,
Sanjiang Nongchang,China,CN,Hainan,"Sanjiang Nongchang, Hainan",,
Shimubi,China,CN,Hainan,"Shimubi, Hainan",,
Xincun,China,CN,Yunnan,"Xincun, Yunnan",,
Majia,China,CN,Gansu,"Majia, Gansu",,
Yanhewan,China,CN,Shaanxi,"Yanhewan, Shaanxi",,
Wangjiaxian,China,CN,Gansu,"Wangjiaxian, Gansu",,
Sanpozhen,China,CN,Hebei,"Sanpozhen, Hebei",,
Wulong,China,CN,Guangdong,"Wulong, Guangdong",,
Yanshuiguan,China,CN,Shaanxi,"Yanshuiguan, Shaanxi",,
Wang’anzhen,China,CN,Hebei,"Wang’anzhen, Hebei",,
Lakoucun,China,CN,Zhejiang,"Lakoucun, Zhejiang",,
Zhipingxiang,China,CN,Gansu,"Zhipingxiang, Gansu",,
Wanding,China,CN,Yunnan,"Wanding, Yunnan",,
Chumpak,China,CN,Xinjiang,"Chumpak, Xinjiang",,
Taiyong,China,CN,Guizhou,"Taiyong, Guizhou",,
Huangyadong,China,CN,Shanxi,"Huangyadong, Shanxi",,
Ping’anbao,China,CN,Hebei,"Ping’anbao, Hebei",,
Chaoyangdicun,China,CN,Hebei,"Chaoyangdicun, Hebei",,
Jinmingsi,China,CN,Shaanxi,"Jinmingsi, Shaanxi",,
Xireg,China,CN,Qinghai,"Xireg, Qinghai",,
Mangha,China,CN,Yunnan,"Mangha, Yunnan",,
Yongcong,China,CN,Guizhou,"Yongcong, Guizhou",,
Sunjiayan,China,CN,Guizhou,"Sunjiayan, Guizhou",,
Qingxicun,China,CN,Guangdong,"Qingxicun, Guangdong",,
Shangping,China,CN,Guangdong,"Shangping, Guangdong",,
Qigexingcun,China,CN,Xinjiang,"Qigexingcun, Xinjiang",,
Shanyincun,China,CN,Hebei,"Shanyincun, Hebei",,
Bugugoucun,China,CN,Hebei,"Bugugoucun, Hebei",,
Mahao,China,CN,Guizhou,"Mahao, Guizhou",,
Damaishan,China,CN,Guangdong,"Damaishan, Guangdong",,
Ceyu,China,CN,Hebei,"Ceyu, Hebei",,
Huguan Nongchang,China,CN,Guangdong,"Huguan Nongchang, Guangdong",,
Honggu,China,CN,Gansu,"Honggu, Gansu",,
Pingtiancun,China,CN,Guangdong,"Pingtiancun, Guangdong",,
Kaji,China,CN,Yunnan,"Kaji, Yunnan",,
Shiwan,China,CN,Shaanxi,"Shiwan, Shaanxi",,
Tashi,China,CN,Shaanxi,"Tashi, Shaanxi",,
Zhongling,China,CN,Guizhou,"Zhongling, Guizhou",,
Qiaotouba,China,CN,Gansu,"Qiaotouba, Gansu",,
Dongyuancun,China,CN,Zhejiang,"Dongyuancun, Zhejiang",,
Xiaping,China,CN,Shaanxi,"Xiaping, Shaanxi",,
Reshuijie,China,CN,Guangdong,"Reshuijie, Guangdong",,
Nanzhai,China,CN,Guizhou,"Nanzhai, Guizhou",,
Xinyingheyan,China,CN,Gansu,"Xinyingheyan, Gansu",,
Shichuanxiang,China,CN,Gansu,"Shichuanxiang, Gansu",,
Shuangxianxiang,China,CN,Gansu,"Shuangxianxiang, Gansu",,
Xinchangcun,China,CN,Guizhou,"Xinchangcun, Guizhou",,
Xinbocun,China,CN,Hebei,"Xinbocun, Hebei",,
Maqu,China,CN,Gansu,"Maqu, Gansu",,
Zhengdong,China,CN,Yunnan,"Zhengdong, Yunnan",,
Bajiao,China,CN,Guizhou,"Bajiao, Guizhou",,
Liuba,China,CN,Gansu,"Liuba, Gansu",,
Baohe,China,CN,Shaanxi,"Baohe, Shaanxi",,
Baxiangshan,China,CN,Guangdong,"Baxiangshan, Guangdong",,
Xincheng,China,CN,Shanxi,"Xincheng, Shanxi",,
Lajia,China,CN,Qinghai,"Lajia, Qinghai",,
Erbaocun,China,CN,Xinjiang,"Erbaocun, Xinjiang",,
Jiajin,China,CN,Guizhou,"Jiajin, Guizhou",,
Aheqi,China,CN,Xinjiang,"Aheqi, Xinjiang",,
Diao’ecun,China,CN,Hebei,"Diao’ecun, Hebei",,
Xiaoba,China,CN,Guizhou,"Xiaoba, Guizhou",,
Shengping,China,CN,Yunnan,"Shengping, Yunnan",,
Huanian,China,CN,Yunnan,"Huanian, Yunnan",,
Hejiaji,China,CN,Shaanxi,"Hejiaji, Shaanxi",,
Lijiacha,China,CN,Shaanxi,"Lijiacha, Shaanxi",,
Caotan,China,CN,Gansu,"Caotan, Gansu",,
Bailin,China,CN,Gansu,"Bailin, Gansu",,
Sanjiaocheng,China,CN,Qinghai,"Sanjiaocheng, Qinghai",,
Xintianfeng,China,CN,Guangdong,"Xintianfeng, Guangdong",,
Xinyaoshang,China,CN,Guizhou,"Xinyaoshang, Guizhou",,
Longtaixiang,China,CN,Gansu,"Longtaixiang, Gansu",,
Gucheng,China,CN,Gansu,"Gucheng, Gansu",,
Wen’anyi,China,CN,Shaanxi,"Wen’anyi, Shaanxi",,
Wangjiabian,China,CN,Shaanxi,"Wangjiabian, Shaanxi",,
Mawu,China,CN,Gansu,"Mawu, Gansu",,
Pingtouchuanxiang,China,CN,Gansu,"Pingtouchuanxiang, Gansu",,
Ma’ai,China,CN,Gansu,"Ma’ai, Gansu",,
Guantingzhan,China,CN,Hebei,"Guantingzhan, Hebei",,
Sanjiangkou,China,CN,Yunnan,"Sanjiangkou, Yunnan",,
Gaohucun,China,CN,Zhejiang,"Gaohucun, Zhejiang",,
Xiaozui,China,CN,Gansu,"Xiaozui, Gansu",,
Chuqung,China,CN,Qinghai,"Chuqung, Qinghai",,
Kuiyibagecun,China,CN,Xinjiang,"Kuiyibagecun, Xinjiang",,
Bangshang,China,CN,Sichuan,"Bangshang, Sichuan",,
Nanfang,China,CN,Guangdong,"Nanfang, Guangdong",,
Kangning,China,CN,Gansu,"Kangning, Gansu",,
Shenjiaba,China,CN,Shaanxi,"Shenjiaba, Shaanxi",,
Haikoucun,China,CN,Zhejiang,"Haikoucun, Zhejiang",,
Qiushanxiang,China,CN,Gansu,"Qiushanxiang, Gansu",,
Biandanshan,China,CN,Guizhou,"Biandanshan, Guizhou",,
Fenggeling,China,CN,Shaanxi,"Fenggeling, Shaanxi",,
Fanzhao,China,CN,Guizhou,"Fanzhao, Guizhou",,
Tanggemu Nongchang,China,CN,Qinghai,"Tanggemu Nongchang, Qinghai",,
Hongliuwan,China,CN,Gansu,"Hongliuwan, Gansu",,
Gar,China,CN,Tibet,"Gar, Tibet",,
Dongcha,China,CN,Gansu,"Dongcha, Gansu",,
Ruoqiang,China,CN,Xinjiang,"Ruoqiang, Xinjiang",,
Pagqên,China,CN,Qinghai,"Pagqên, Qinghai",,
Baluntaicun,China,CN,Xinjiang,"Baluntaicun, Xinjiang",,
Dashouping,China,CN,Guangdong,"Dashouping, Guangdong",,
Taxkorgan,China,CN,Xinjiang,"Taxkorgan, Xinjiang",,
Nanzhangcheng,China,CN,Hebei,"Nanzhangcheng, Hebei",,
Gyümai,China,CN,Qinghai,"Gyümai, Qinghai",,
Hongwansi,China,CN,Gansu,"Hongwansi, Gansu",,
Shankoucun,China,CN,Zhejiang,"Shankoucun, Zhejiang",,
Hongmao,China,CN,Hainan,"Hongmao, Hainan",,
Heyin,China,CN,Qinghai,"Heyin, Qinghai",,
Xiaoshengcun,China,CN,Guangdong,"Xiaoshengcun, Guangdong",,
Dongping,China,CN,Guangdong,"Dongping, Guangdong",,
Hongliuyuan,China,CN,Gansu,"Hongliuyuan, Gansu",,
Cangyanshanzhen,China,CN,Hebei,"Cangyanshanzhen, Hebei",,
Sêraitang,China,CN,Qinghai,"Sêraitang, Qinghai",,
Chugqênsumdo,China,CN,Qinghai,"Chugqênsumdo, Qinghai",,
Jiaotanzhuang,China,CN,Hebei,"Jiaotanzhuang, Hebei",,
Gyangzê,China,CN,Tibet,"Gyangzê, Tibet",,
Zhongcha,China,CN,Sichuan,"Zhongcha, Sichuan",,
Mengjiazhuang,China,CN,Hebei,"Mengjiazhuang, Hebei",,
Dabancheng,China,CN,Xinjiang,"Dabancheng, Xinjiang",,
Xibaipo,China,CN,Hebei,"Xibaipo, Hebei",,
Jinzhong,China,CN,Yunnan,"Jinzhong, Yunnan",,
Dachi,China,CN,Shaanxi,"Dachi, Shaanxi",,
Kailu,China,CN,Inner Mongolia,"Kailu, Inner Mongolia",,
Linxi,China,CN,Inner Mongolia,"Linxi, Inner Mongolia",,
Dujiashigou,China,CN,Shaanxi,"Dujiashigou, Shaanxi",,
Yueyaquan,China,CN,Gansu,"Yueyaquan, Gansu",,
Jixian,China,CN,Gansu,"Jixian, Gansu",,
Dangcheng,China,CN,Gansu,"Dangcheng, Gansu",,
Xiba,China,CN,Gansu,"Xiba, Gansu",,
Shiyuan,China,CN,Gansu,"Shiyuan, Gansu",,
Zengjiaba,China,CN,Shaanxi,"Zengjiaba, Shaanxi",,
Aweitancun,China,CN,Xinjiang,"Aweitancun, Xinjiang",,
Xiada,China,CN,Guangdong,"Xiada, Guangdong",,
Zhangping,China,CN,Shanxi,"Zhangping, Shanxi",,
Benbutucun,China,CN,Xinjiang,"Benbutucun, Xinjiang",,
Xiangping,China,CN,Guangdong,"Xiangping, Guangdong",,
Leichi,China,CN,Shaanxi,"Leichi, Shaanxi",,
Dazhuangzi,China,CN,Gansu,"Dazhuangzi, Gansu",,
Daping,China,CN,Guangdong,"Daping, Guangdong",,
Zhujiagua,China,CN,Shaanxi,"Zhujiagua, Shaanxi",,
Hukou,China,CN,Shaanxi,"Hukou, Shaanxi",,
Huohua,China,CN,Guizhou,"Huohua, Guizhou",,
Baili,China,CN,Gansu,"Baili, Gansu",,
Guazhoucun,China,CN,Gansu,"Guazhoucun, Gansu",,
Gucheng,China,CN,Gansu,"Gucheng, Gansu",,
Datian,China,CN,Guangdong,"Datian, Guangdong",,
Guanzhuang,China,CN,Shaanxi,"Guanzhuang, Shaanxi",,
Azitan,China,CN,Gansu,"Azitan, Gansu",,
Yangjiagetai,China,CN,Shaanxi,"Yangjiagetai, Shaanxi",,
Dagou,China,CN,Gansu,"Dagou, Gansu",,
Shechengtan,China,CN,Shanxi,"Shechengtan, Shanxi",,
Bingzhongluo,China,CN,Yunnan,"Bingzhongluo, Yunnan",,
Jiyek,China,CN,Xinjiang,"Jiyek, Xinjiang",,
Fangjiata,China,CN,Shaanxi,"Fangjiata, Shaanxi",,
Jinshan,China,CN,Gansu,"Jinshan, Gansu",,
Jiajiaping,China,CN,Shaanxi,"Jiajiaping, Shaanxi",,
Renzhuangcun,China,CN,Zhejiang,"Renzhuangcun, Zhejiang",,
Cairima,China,CN,Gansu,"Cairima, Gansu",,
Hejiachuan,China,CN,Shaanxi,"Hejiachuan, Shaanxi",,
Sanmucha,China,CN,Gansu,"Sanmucha, Gansu",,
Taoyan,China,CN,Gansu,"Taoyan, Gansu",,
Jingping,China,CN,Gansu,"Jingping, Gansu",,
Dayi,China,CN,Gansu,"Dayi, Gansu",,
Biancang,China,CN,Gansu,"Biancang, Gansu",,
Nichicun,China,CN,Tibet,"Nichicun, Tibet",,
